車両ID,落成日,製造所,,,
70-01,1995/11/22,川崎重工業,70-019,,
70-02,1995/11/22,川崎重工業,70-012,,
70-03,1995/11/22,川崎重工業,70-011,,
70-04,1995/11/22,川崎重工業,70-010,,
70-05,1995/12/6,川崎重工業,70-029,クハ208-3101,
70-06,1995/12/6,川崎重工業,70-022,70-015,
70-07,1995/12/6,川崎重工業,70-021,70-014,
70-08,1995/12/6,川崎重工業,70-020,クハ209-3101,
70-09,1996/3/15,川崎重工業,70-039,クハ208-3102,
70-10,1996/3/15,川崎重工業,70-032,70-025,
70-11,1996/3/15,川崎重工業,70-031,70-024,
70-12,1996/3/15,川崎重工業,70-030,クハ209-3102,
70-13,1996/3/17,川崎重工業,70-049,70-029Ⅱ,
70-14,1996/3/17,川崎重工業,70-042,70-022Ⅱ,
70-15,1996/3/17,川崎重工業,70-041,70-021Ⅱ,
70-16,1996/3/17,川崎重工業,70-040,70-020Ⅱ,
70-17,1999/2/18,川崎重工業,70-059,70-039Ⅱ,
70-18,1999/2/18,川崎重工業,70-052,70-035,
70-19,1999/2/18,川崎重工業,70-051,70-034,
70-20,1999/2/18,川崎重工業,70-050,70-030Ⅱ,
70-21,2001/1/26,川崎重工業,70-069,,
70-22,2001/1/26,川崎重工業,70-062,,
70-23,2001/1/26,川崎重工業,70-061,,
70-24,2001/1/26,川崎重工業,70-060,,
70-25,2002/8/30,川崎重工業,70-079,,
70-26,2002/8/30,川崎重工業,70-078,,
70-27,2002/8/30,川崎重工業,70-077,,
70-28,2002/8/30,川崎重工業,70-076,,
70-29,2002/8/30,川崎重工業,70-075,,
70-30,2002/8/30,川崎重工業,70-074,,
70-31,2002/8/30,川崎重工業,70-073,,
70-32,2002/8/30,川崎重工業,70-072,,
70-33,2002/8/30,川崎重工業,70-071,,
70-34,2002/8/30,川崎重工業,70-070,,
70-35,2002/9/13,川崎重工業,70-089,,
70-36,2002/9/13,川崎重工業,70-088,,
70-37,2002/9/13,川崎重工業,70-087,,
70-38,2002/9/13,川崎重工業,70-086,,
70-39,2002/9/13,川崎重工業,70-085,,
70-40,2002/9/13,川崎重工業,70-084,,
70-41,2002/9/13,川崎重工業,70-083,,
70-42,2002/9/13,川崎重工業,70-082,,
70-43,2002/9/13,川崎重工業,70-081,,
70-44,2002/9/13,川崎重工業,70-080,,
70-45,2002/9/19,川崎重工業,70-018,,
70-46,2002/9/19,川崎重工業,70-017,,
70-47,2002/10/4,川崎重工業,70-028,モハ208-3102,
70-48,2002/10/4,川崎重工業,70-027,モハ209-3102,
70-49,2002/10/11,川崎重工業,70-099,,
70-50,2002/10/11,川崎重工業,70-098,,
70-51,2002/10/11,川崎重工業,70-097,,
70-52,2002/10/11,川崎重工業,70-096,,
70-53,2002/10/11,川崎重工業,70-095,,
70-54,2002/10/11,川崎重工業,70-094,,
70-55,2002/10/11,川崎重工業,70-093,,
70-56,2002/10/11,川崎重工業,70-092,,
70-57,2002/10/11,川崎重工業,70-091,,
70-58,2002/10/11,川崎重工業,70-090,,
70-59,2002/10/16,川崎重工業,70-038,,
70-60,2002/10/16,川崎重工業,70-037,,
70-61,2002/10/25,川崎重工業,70-048,70-028Ⅱ,
70-62,2002/10/25,川崎重工業,70-047,70-027Ⅱ,
70-63,2002/11/1,川崎重工業,70-109,,
70-64,2002/11/1,川崎重工業,70-108,,
70-65,2002/11/1,川崎重工業,70-107,,
70-66,2002/11/1,川崎重工業,70-106,,
70-67,2002/11/1,川崎重工業,70-105,,
70-68,2002/11/1,川崎重工業,70-104,,
70-69,2002/11/1,川崎重工業,70-103,,
70-70,2002/11/1,川崎重工業,70-102,,
70-71,2002/11/1,川崎重工業,70-101,,
70-72,2002/11/1,川崎重工業,70-100,,
70-73,2002/11/6,川崎重工業,70-058,70-032Ⅱ,
70-74,2002/11/6,川崎重工業,70-057,70-031Ⅱ,
70-75,2002/11/21,川崎重工業,70-068,,
70-76,2002/11/21,川崎重工業,70-067,,
70-77,2002/11/21,川崎重工業,70-066,,
70-78,2002/11/21,川崎重工業,70-065,,
70-79,2002/11/21,川崎重工業,70-064,,
70-80,2002/11/21,川崎重工業,70-063,,
70-81,2004/10/2,川崎重工業,70-036,,
70-82,2004/10/2,川崎重工業,70-033,,
70-83,2004/10/6,川崎重工業,70-026,,
70-84,2004/10/6,川崎重工業,70-023,,
70-85,2004/10/13,川崎重工業,70-016,,
70-86,2004/10/13,川崎重工業,70-013,,
71-01,2024/11/20,J-TREC新津,71-101,,
71-02,2024/11/20,J-TREC新津,71-102,,
71-03,2024/11/20,J-TREC新津,71-103,,
71-04,2024/11/20,J-TREC新津,71-104,,
71-05,2024/11/20,J-TREC新津,71-105,,
71-06,2024/11/20,J-TREC新津,71-106,,
71-07,2024/11/20,J-TREC新津,71-107,,
71-08,2024/11/20,J-TREC新津,71-108,,
71-09,2024/11/20,J-TREC新津,71-109,,
71-10,2024/11/20,J-TREC新津,71-110,,
71-11,2025/6/4,J-TREC新津,71-201,,
71-12,2025/6/4,J-TREC新津,71-202,,
71-13,2025/6/4,J-TREC新津,71-203,,
71-14,2025/6/4,J-TREC新津,71-204,,
71-15,2025/6/4,J-TREC新津,71-205,,
71-16,2025/6/4,J-TREC新津,71-206,,
71-17,2025/6/4,J-TREC新津,71-207,,
71-18,2025/6/4,J-TREC新津,71-208,,
71-19,2025/6/4,J-TREC新津,71-209,,
71-20,2025/6/4,J-TREC新津,71-210,,
71-21,2025/11/12,J-TREC新津,71-301,,
71-22,2025/11/12,J-TREC新津,71-302,,
71-23,2025/11/12,J-TREC新津,71-303,,
71-24,2025/11/12,J-TREC新津,71-304,,
71-25,2025/11/12,J-TREC新津,71-305,,
71-26,2025/11/12,J-TREC新津,71-306,,
71-27,2025/11/12,J-TREC新津,71-307,,
71-28,2025/11/12,J-TREC新津,71-308,,
71-29,2025/11/12,J-TREC新津,71-309,,
71-30,2025/11/12,J-TREC新津,71-310,,
71-31,,J-TREC新津,71-401,,
71-32,,J-TREC新津,71-402,,
71-33,,J-TREC新津,71-403,,
71-34,,J-TREC新津,71-404,,
71-35,,J-TREC新津,71-405,,
71-36,,J-TREC新津,71-406,,
71-37,,J-TREC新津,71-407,,
71-38,,J-TREC新津,71-408,,
71-39,,J-TREC新津,71-409,,
71-40,,J-TREC新津,71-410,,
71-41,,J-TREC新津,71-501,,
71-42,,J-TREC新津,71-502,,
71-43,,J-TREC新津,71-503,,
71-44,,J-TREC新津,71-504,,
71-45,,J-TREC新津,71-505,,
71-46,,J-TREC新津,71-506,,
71-47,,J-TREC新津,71-507,,
71-48,,J-TREC新津,71-508,,
71-49,,J-TREC新津,71-509,,
71-50,,J-TREC新津,71-510,,
71-51,,J-TREC新津,71-601,,
71-52,,J-TREC新津,71-602,,
71-53,,J-TREC新津,71-603,,
71-54,,J-TREC新津,71-604,,
71-55,,J-TREC新津,71-605,,
71-56,,J-TREC新津,71-606,,
71-57,,J-TREC新津,71-607,,
71-58,,J-TREC新津,71-608,,
71-59,,J-TREC新津,71-609,,
71-60,,J-TREC新津,71-610,,
71-61,,J-TREC新津,71-701,,
71-62,,J-TREC新津,71-702,,
71-63,,J-TREC新津,71-703,,
71-64,,J-TREC新津,71-704,,
71-65,,J-TREC新津,71-705,,
71-66,,J-TREC新津,71-706,,
71-67,,J-TREC新津,71-707,,
71-68,,J-TREC新津,71-708,,
71-69,,J-TREC新津,71-709,,
71-70,,J-TREC新津,71-710,,
71-71,,J-TREC新津,71-801,,
71-72,,J-TREC新津,71-802,,
71-73,,J-TREC新津,71-803,,
71-74,,J-TREC新津,71-804,,
71-75,,J-TREC新津,71-805,,
71-76,,J-TREC新津,71-806,,
71-77,,J-TREC新津,71-807,,
71-78,,J-TREC新津,71-808,,
71-79,,J-TREC新津,71-809,,
71-80,,J-TREC新津,71-810,,
205-0001,1985/1/31,東急車輛製造,クハ204-1,,
205-0002,1985/1/31,東急車輛製造,モハ204-3,,
205-0003,1985/1/31,東急車輛製造,モハ205-3,,
205-0004,1985/1/31,東急車輛製造,サハ205-2,,
205-0005,1985/1/31,東急車輛製造,モハ204-2,,
205-0006,1985/1/31,東急車輛製造,モハ205-2,,
205-0007,1985/1/31,東急車輛製造,サハ205-1,,
205-0008,1985/1/31,東急車輛製造,モハ204-1,,
205-0009,1985/1/31,東急車輛製造,モハ205-1,,
205-0010,1985/1/31,東急車輛製造,クハ205-1,,
205-0011,1985/2/14,日立製作所,クハ204-2,,
205-0012,1985/2/14,日立製作所,モハ204-6,,
205-0013,1985/2/14,日立製作所,モハ205-6,,
205-0014,1985/2/14,日立製作所,サハ205-4,,
205-0015,1985/2/14,日立製作所,モハ204-5,,
205-0016,1985/2/14,日立製作所,モハ205-5,,
205-0017,1985/2/14,日立製作所,サハ205-3,,
205-0018,1985/2/14,日立製作所,モハ204-4,,
205-0019,1985/2/14,日立製作所,モハ205-4,,
205-0020,1985/2/14,日立製作所,クハ205-2,,
205-0021,1985/2/25,川崎重工業,クハ204-3,,
205-0022,1985/2/25,川崎重工業,モハ204-9,,
205-0023,1985/2/25,川崎重工業,モハ205-9,,
205-0024,1985/2/25,川崎重工業,サハ205-6,,
205-0025,1985/2/25,川崎重工業,モハ204-8,,
205-0026,1985/2/25,川崎重工業,モハ205-8,,
205-0027,1985/2/25,川崎重工業,サハ205-5,,
205-0028,1985/2/25,川崎重工業,モハ204-7,,
205-0029,1985/2/25,川崎重工業,モハ205-7,,
205-0030,1985/2/25,川崎重工業,クハ205-3,,
205-0031,1985/3/5,日本車輌製造,クハ204-4,,
205-0032,1985/3/5,日本車輌製造,モハ204-12,,
205-0033,1985/3/5,日本車輌製造,モハ205-12,,
205-0034,1985/3/5,日本車輌製造,サハ205-8,,
205-0035,1985/3/5,日本車輌製造,モハ204-11,,
205-0036,1985/3/5,日本車輌製造,モハ205-11,,
205-0037,1985/3/5,日本車輌製造,サハ205-7,,
205-0038,1985/3/5,日本車輌製造,モハ204-10,,
205-0039,1985/3/5,日本車輌製造,モハ205-10,,
205-0040,1985/3/5,日本車輌製造,クハ205-4,,
205-0041,1985/7/9,川崎重工業,クハ204-5,,
205-0042,1985/7/9,川崎重工業,モハ204-15,,
205-0043,1985/7/9,川崎重工業,モハ205-15,,
205-0044,1985/7/9,川崎重工業,サハ205-10,,
205-0045,1985/7/9,川崎重工業,モハ204-14,モハ204-3118,
205-0046,1985/7/9,川崎重工業,モハ205-14,モハ205-3118,
205-0047,1985/7/9,川崎重工業,サハ205-9,,
205-0048,1985/7/9,川崎重工業,モハ204-13,,
205-0049,1985/7/9,川崎重工業,モハ205-13,,
205-0050,1985/7/9,川崎重工業,クハ205-5,,
205-0051,1985/7/11,近畿車輛,クハ204-6,,
205-0052,1985/7/11,近畿車輛,モハ204-18,,
205-0053,1985/7/11,近畿車輛,モハ205-18,,
205-0054,1985/7/11,近畿車輛,サハ205-12,,
205-0055,1985/7/11,近畿車輛,モハ204-17,モハ204-3115,
205-0056,1985/7/11,近畿車輛,モハ205-17,モハ205-3115,
205-0057,1985/7/11,近畿車輛,サハ205-11,,
205-0058,1985/7/11,近畿車輛,モハ204-16,,
205-0059,1985/7/11,近畿車輛,モハ205-16,,
205-0060,1985/7/11,近畿車輛,クハ205-6,,
205-0061,1985/7/16,日立製作所,クハ204-7,,
205-0062,1985/7/16,日立製作所,モハ204-21,,
205-0063,1985/7/16,日立製作所,モハ205-21,,
205-0064,1985/7/16,日立製作所,サハ205-14,クハ204-1203,クハ204-3119
205-0065,1985/7/16,日立製作所,モハ204-20,モハ204-3116,
205-0066,1985/7/16,日立製作所,モハ205-20,モハ205-3116,
205-0067,1985/7/16,日立製作所,サハ205-13,クハ205-1203,クハ205-3119
205-0068,1985/7/16,日立製作所,モハ204-19,モハ204-3119,
205-0069,1985/7/16,日立製作所,モハ205-19,モハ205-3119,
205-0070,1985/7/16,日立製作所,クハ205-7,,
205-0071,1985/7/23,東急車輛製造,クハ204-8,,
205-0072,1985/7/23,東急車輛製造,モハ204-24,,
205-0073,1985/7/23,東急車輛製造,モハ205-24,,
205-0074,1985/7/23,東急車輛製造,サハ205-16,,
205-0075,1985/7/23,東急車輛製造,モハ204-23,,
205-0076,1985/7/23,東急車輛製造,モハ205-23,,
205-0077,1985/7/23,東急車輛製造,サハ205-15,,
205-0078,1985/7/23,東急車輛製造,モハ204-22,,
205-0079,1985/7/23,東急車輛製造,モハ205-22,,
205-0080,1985/7/23,東急車輛製造,クハ205-8,,
205-0081,1985/8/20,川崎重工業,クハ204-9,,
205-0082,1985/8/20,川崎重工業,モハ204-27,,
205-0083,1985/8/20,川崎重工業,モハ205-27,,
205-0084,1985/8/20,川崎重工業,サハ205-18,,
205-0085,1985/8/20,川崎重工業,モハ204-26,,
205-0086,1985/8/20,川崎重工業,モハ205-26,,
205-0087,1985/8/20,川崎重工業,サハ205-17,,
205-0088,1985/8/20,川崎重工業,モハ204-25,,
205-0089,1985/8/20,川崎重工業,モハ205-25,,
205-0090,1985/8/20,川崎重工業,クハ205-9,,
205-0091,1882/8/22,川崎重工業,クハ204-10,,
205-0092,1882/8/22,川崎重工業,モハ204-30,,
205-0093,1882/8/22,川崎重工業,モハ205-30,,
205-0094,1882/8/22,川崎重工業,サハ205-20,クハ204-3117,
205-0095,1882/8/22,川崎重工業,モハ204-29,モハ204-3117,
205-0096,1882/8/22,川崎重工業,モハ205-29,モハ205-3117,
205-0097,1882/8/22,川崎重工業,サハ205-19,クハ205-3117,
205-0098,1882/8/22,川崎重工業,モハ204-28,,
205-0099,1882/8/22,川崎重工業,モハ205-28,,
205-0100,1882/8/22,川崎重工業,クハ205-10,,
205-0101,1985/8/27,日立製作所,クハ204-11,,
205-0102,1985/8/27,日立製作所,モハ204-33,,
205-0103,1985/8/27,日立製作所,モハ205-33,,
205-0104,1985/8/27,日立製作所,サハ205-22,,
205-0105,1985/8/27,日立製作所,モハ204-32,,
205-0106,1985/8/27,日立製作所,モハ205-32,,
205-0107,1985/8/27,日立製作所,サハ205-21,,
205-0108,1985/8/27,日立製作所,モハ204-31,,
205-0109,1985/8/27,日立製作所,モハ205-31,,
205-0110,1985/8/27,日立製作所,クハ205-11,,
205-0111,1985/8/29,近畿車輛,クハ204-12,,
205-0112,1985/8/29,近畿車輛,モハ204-36,,
205-0113,1985/8/29,近畿車輛,モハ205-36,,
205-0114,1985/8/29,近畿車輛,サハ205-24,,
205-0115,1985/8/29,近畿車輛,モハ204-35,,
205-0116,1985/8/29,近畿車輛,モハ205-35,,
205-0117,1985/8/29,近畿車輛,サハ205-23,,
205-0118,1985/8/29,近畿車輛,モハ204-34,,
205-0119,1985/8/29,近畿車輛,モハ205-34,,
205-0120,1985/8/29,近畿車輛,クハ205-12,,
205-0121,1985/9/3,東急車輛製造,クハ204-13,,
205-0122,1985/9/3,東急車輛製造,モハ204-39,,
205-0123,1985/9/3,東急車輛製造,モハ205-39,,
205-0124,1985/9/3,東急車輛製造,サハ205-26,,
205-0125,1985/9/3,東急車輛製造,モハ204-38,,
205-0126,1985/9/3,東急車輛製造,モハ205-38,,
205-0127,1985/9/3,東急車輛製造,サハ205-25,,
205-0128,1985/9/3,東急車輛製造,モハ204-37,,
205-0129,1985/9/3,東急車輛製造,モハ205-37,,
205-0130,1985/9/3,東急車輛製造,クハ205-13,,
205-0131,1985/9/5,川崎重工業,クハ204-14,,
205-0132,1985/9/5,川崎重工業,モハ204-42,,
205-0133,1985/9/5,川崎重工業,モハ205-42,,
205-0134,1985/9/5,川崎重工業,サハ205-28,,
205-0135,1985/9/5,川崎重工業,モハ204-41,,
205-0136,1985/9/5,川崎重工業,モハ205-41,,
205-0137,1985/9/5,川崎重工業,サハ205-27,,
205-0138,1985/9/5,川崎重工業,モハ204-40,,
205-0139,1985/9/5,川崎重工業,モハ205-40,,
205-0140,1985/9/5,川崎重工業,クハ205-14,,
205-0141,1985/9/10,川崎重工業,クハ204-15,,
205-0142,1985/9/10,川崎重工業,モハ204-45,,
205-0143,1985/9/10,川崎重工業,モハ205-45,,
205-0144,1985/9/10,川崎重工業,サハ205-30,,
205-0145,1985/9/10,川崎重工業,モハ204-44,,
205-0146,1985/9/10,川崎重工業,モハ205-44,,
205-0147,1985/9/10,川崎重工業,サハ205-29,,
205-0148,1985/9/10,川崎重工業,モハ204-43,,
205-0149,1985/9/10,川崎重工業,モハ205-43,,
205-0150,1985/9/10,川崎重工業,クハ205-15,,
205-0151,1985/9/11,日立製作所,クハ204-16,,
205-0152,1985/9/11,日立製作所,モハ204-48,,
205-0153,1985/9/11,日立製作所,モハ205-48,,
205-0154,1985/9/11,日立製作所,サハ205-32,,
205-0155,1985/9/11,日立製作所,モハ204-47,,
205-0156,1985/9/11,日立製作所,モハ205-47,,
205-0157,1985/9/11,日立製作所,サハ205-31,,
205-0158,1985/9/11,日立製作所,モハ204-46,,
205-0159,1985/9/11,日立製作所,モハ205-46,,
205-0160,1985/9/11,日立製作所,クハ205-16,,
205-0161,1985/9/18,東急車輛製造,クハ204-17,,
205-0162,1985/9/18,東急車輛製造,モハ204-51,,
205-0163,1985/9/18,東急車輛製造,モハ205-51,,
205-0164,1985/9/18,東急車輛製造,サハ205-34,クハ204-3101,
205-0165,1985/9/18,東急車輛製造,モハ204-50,,
205-0166,1985/9/18,東急車輛製造,モハ205-50,,
205-0167,1985/9/18,東急車輛製造,サハ205-33,クハ205-3102,
205-0168,1985/9/18,東急車輛製造,モハ204-49,,
205-0169,1985/9/18,東急車輛製造,モハ205-49,,
205-0170,1985/9/18,東急車輛製造,クハ205-17,,
205-0171,1985/9/19,近畿車輛,クハ204-18,,
205-0172,1985/9/19,近畿車輛,モハ204-54,,
205-0173,1985/9/19,近畿車輛,モハ205-54,,
205-0174,1985/9/19,近畿車輛,サハ205-36,クハ204-3103,
205-0175,1985/9/19,近畿車輛,モハ204-53,モハ204-3101,
205-0176,1985/9/19,近畿車輛,モハ205-53,モハ205-3101,
205-0177,1985/9/19,近畿車輛,サハ205-35,クハ205-3103,
205-0178,1985/9/19,近畿車輛,モハ204-52,,
205-0179,1985/9/19,近畿車輛,モハ205-52,,
205-0180,1985/9/19,近畿車輛,クハ205-18,,
205-0181,1985/9/25,近畿車輛,クハ204-19,,
205-0182,1985/9/25,近畿車輛,モハ204-57,,
205-0183,1985/9/25,近畿車輛,モハ205-57,,
205-0184,1985/9/25,近畿車輛,サハ205-38,クハ204-3102,
205-0185,1985/9/25,近畿車輛,モハ204-56,モハ204-3102,
205-0186,1985/9/25,近畿車輛,モハ205-56,モハ205-3102,
205-0187,1985/9/25,近畿車輛,サハ205-37,クハ205-3104,
205-0188,1985/9/25,近畿車輛,モハ204-55,,
205-0189,1985/9/25,近畿車輛,モハ205-55,,
205-0190,1985/9/25,近畿車輛,クハ205-19,,
205-0191,1985/9/27,日本車輌製造,クハ204-20,,
205-0192,1985/9/27,日本車輌製造,モハ204-60,,
205-0193,1985/9/27,日本車輌製造,モハ205-60,,
205-0194,1985/9/27,日本車輌製造,サハ205-40,クハ204-3105,
205-0195,1985/9/27,日本車輌製造,モハ204-59,モハ204-3103,
205-0196,1985/9/27,日本車輌製造,モハ205-59,モハ205-3103,
205-0197,1985/9/27,日本車輌製造,サハ205-39,クハ205-3105,
205-0198,1985/9/27,日本車輌製造,モハ204-58,,
205-0199,1985/9/27,日本車輌製造,モハ205-58,,
205-0200,1985/9/27,日本車輌製造,クハ205-20,,
205-0201,1986/2/13,川崎重工業,クハ204-21,,
205-0202,1986/2/13,川崎重工業,モハ204-63,,
205-0203,1986/2/13,川崎重工業,モハ205-63,,
205-0204,1986/2/13,川崎重工業,サハ205-42,クハ204-3104,
205-0205,1986/2/13,川崎重工業,モハ204-62,モハ204-3104,
205-0206,1986/2/13,川崎重工業,モハ205-62,モハ205-3104,
205-0207,1986/2/13,川崎重工業,サハ205-41,クハ205-3106,
205-0208,1986/2/13,川崎重工業,モハ204-61,,
205-0209,1986/2/13,川崎重工業,モハ205-61,,
205-0210,1986/2/13,川崎重工業,クハ205-21,,
205-0211,1986/2/15,近畿車輛,クハ204-22,,
205-0212,1986/2/15,近畿車輛,モハ204-66,,
205-0213,1986/2/15,近畿車輛,モハ205-66,,
205-0214,1986/2/15,近畿車輛,サハ205-44,クハ204-3107,
205-0215,1986/2/15,近畿車輛,モハ204-65,モハ204-3105,
205-0216,1986/2/15,近畿車輛,モハ205-65,モハ205-3105,
205-0217,1986/2/15,近畿車輛,サハ205-43,クハ205-3107,
205-0218,1986/2/15,近畿車輛,モハ204-64,,
205-0219,1986/2/15,近畿車輛,モハ205-64,,
205-0220,1986/2/15,近畿車輛,クハ205-22,,
205-0221,1985/11/6,日本車輌製造,クハ204-23,,
205-0222,1985/11/6,日本車輌製造,モハ204-69,,
205-0223,1985/11/6,日本車輌製造,モハ205-69,,
205-0224,1985/11/6,日本車輌製造,サハ205-46,クハ204-3106,
205-0225,1985/11/6,日本車輌製造,モハ204-68,モハ204-3106,
205-0226,1985/11/6,日本車輌製造,モハ205-68,モハ205-3106,
205-0227,1985/11/6,日本車輌製造,サハ205-45,,
205-0228,1985/11/6,日本車輌製造,モハ204-67,,
205-0229,1985/11/6,日本車輌製造,モハ205-67,,
205-0230,1985/11/6,日本車輌製造,クハ205-23,,
205-0231,1985/11/19,川崎重工業,クハ204-24,,
205-0232,1985/11/19,川崎重工業,モハ204-72,,
205-0233,1985/11/19,川崎重工業,モハ205-72,,
205-0234,1985/11/19,川崎重工業,サハ205-48,,
205-0235,1985/11/19,川崎重工業,モハ204-71,モハ204-3107,
205-0236,1985/11/19,川崎重工業,モハ205-71,モハ205-3107,
205-0237,1985/11/19,川崎重工業,サハ205-47,,
205-0238,1985/11/19,川崎重工業,モハ204-70,,
205-0239,1985/11/19,川崎重工業,モハ205-70,,
205-0240,1985/11/19,川崎重工業,クハ205-24,,
205-0241,1985/12/3,川崎重工業,クハ204-25,,
205-0242,1985/12/3,川崎重工業,モハ204-75,,
205-0243,1985/12/3,川崎重工業,モハ205-75,,
205-0244,1985/12/3,川崎重工業,サハ205-50,クハ204-3108,
205-0245,1985/12/3,川崎重工業,モハ204-74,モハ204-3108,
205-0246,1985/12/3,川崎重工業,モハ205-74,モハ205-3108,
205-0247,1985/12/3,川崎重工業,サハ205-49,クハ205-3108,
205-0248,1985/12/3,川崎重工業,モハ204-73,,
205-0249,1985/12/3,川崎重工業,モハ205-73,,
205-0250,1985/12/3,川崎重工業,クハ205-25,,
205-0251,1985/12/21,川崎重工業,クハ204-26,,
205-0252,1985/12/21,川崎重工業,モハ204-78,,
205-0253,1985/12/21,川崎重工業,モハ205-78,,
205-0254,1985/12/21,川崎重工業,サハ205-52,クハ204-3113,
205-0255,1985/12/21,川崎重工業,モハ204-77,モハ204-3109,
205-0256,1985/12/21,川崎重工業,モハ205-77,モハ205-3109,
205-0257,1985/12/21,川崎重工業,サハ205-51,クハ205-3113,
205-0258,1985/12/21,川崎重工業,モハ204-76,,
205-0259,1985/12/21,川崎重工業,モハ205-76,,
205-0260,1985/12/21,川崎重工業,クハ205-26,,
205-0261,1986/1/9,川崎重工業,クハ204-27,,
205-0262,1986/1/9,川崎重工業,モハ204-81,,
205-0263,1986/1/9,川崎重工業,モハ205-81,,
205-0264,1986/1/9,川崎重工業,サハ205-54,クハ204-3110,
205-0265,1986/1/9,川崎重工業,モハ204-80,モハ204-3110,
205-0266,1986/1/9,川崎重工業,モハ205-80,モハ205-3110,
205-0267,1986/1/9,川崎重工業,サハ205-53,クハ205-3110,
205-0268,1986/1/9,川崎重工業,モハ204-79,,
205-0269,1986/1/9,川崎重工業,モハ205-79,,
205-0270,1986/1/9,川崎重工業,クハ205-27,,
205-0271,1986/1/20,東急車輛製造,クハ204-28,,
205-0272,1986/1/20,東急車輛製造,モハ204-84,,
205-0273,1986/1/20,東急車輛製造,モハ205-84,,
205-0274,1986/1/20,東急車輛製造,サハ205-56,,
205-0275,1986/1/20,東急車輛製造,モハ204-83,モハ204-3111,
205-0276,1986/1/20,東急車輛製造,モハ205-83,モハ205-3111,
205-0277,1986/1/20,東急車輛製造,サハ205-55,,
205-0278,1986/1/20,東急車輛製造,モハ204-82,,
205-0279,1986/1/20,東急車輛製造,モハ205-82,,
205-0280,1986/1/20,東急車輛製造,クハ205-28,,
205-0281,1986/2/3,東急車輛製造,クハ204-29,,
205-0282,1986/2/3,東急車輛製造,モハ204-87,,
205-0283,1986/2/3,東急車輛製造,モハ205-87,,
205-0284,1986/2/3,東急車輛製造,サハ205-58,クハ204-3114,
205-0285,1986/2/3,東急車輛製造,モハ204-86,モハ204-3112,
205-0286,1986/2/3,東急車輛製造,モハ205-86,モハ205-3112,
205-0287,1986/2/3,東急車輛製造,サハ205-57,クハ205-3114,
205-0288,1986/2/3,東急車輛製造,モハ204-85,,
205-0289,1986/2/3,東急車輛製造,モハ205-85,,
205-0290,1986/2/3,東急車輛製造,クハ205-29,,
205-0291,1986/2/20,川崎重工業,クハ204-30,,
205-0292,1986/2/20,川崎重工業,モハ204-90,,
205-0293,1986/2/20,川崎重工業,モハ205-90,,
205-0294,1986/2/20,川崎重工業,サハ205-60,,
205-0295,1986/2/20,川崎重工業,モハ204-89,モハ204-3113,
205-0296,1986/2/20,川崎重工業,モハ205-89,モハ205-3113,
205-0297,1986/2/20,川崎重工業,サハ205-59,,
205-0298,1986/2/20,川崎重工業,モハ204-88,,
205-0299,1986/2/20,川崎重工業,モハ205-88,,
205-0300,1986/2/20,川崎重工業,クハ205-30,,
205-0301,1986/2/24,日本車輌製造,クハ204-31,,
205-0302,1986/2/24,日本車輌製造,モハ204-93,,
205-0303,1986/2/24,日本車輌製造,モハ205-93,,
205-0304,1986/2/24,日本車輌製造,サハ205-62,,
205-0305,1986/2/24,日本車輌製造,モハ204-92,モハ204-3114,
205-0306,1986/2/24,日本車輌製造,モハ205-92,モハ205-3114,
205-0307,1986/2/24,日本車輌製造,サハ205-61,,
205-0308,1986/2/24,日本車輌製造,モハ204-91,,
205-0309,1986/2/24,日本車輌製造,モハ205-91,,
205-0310,1986/2/24,日本車輌製造,クハ205-31,,
205-0311,1986/4/15,東急車輛製造,クハ204-32,,
205-0312,1986/4/15,東急車輛製造,モハ204-96,,
205-0313,1986/4/15,東急車輛製造,モハ205-96,,
205-0314,1986/4/15,東急車輛製造,サハ205-64,,
205-0315,1986/4/15,東急車輛製造,モハ204-95,,
205-0316,1986/4/15,東急車輛製造,モハ205-95,,
205-0317,1986/4/15,東急車輛製造,サハ205-63,,
205-0318,1986/4/15,東急車輛製造,モハ204-94,,
205-0319,1986/4/15,東急車輛製造,モハ205-94,,
205-0320,1986/4/15,東急車輛製造,クハ205-32,,
205-0321,1986/5/13,川崎重工業,クハ204-33,,
205-0322,1986/5/13,川崎重工業,モハ204-99,,
205-0323,1986/5/13,川崎重工業,モハ205-99,,
205-0324,1986/5/13,川崎重工業,サハ205-66,,
205-0325,1986/5/13,川崎重工業,モハ204-98,,
205-0326,1986/5/13,川崎重工業,モハ205-98,,
205-0327,1986/5/13,川崎重工業,サハ205-65,,
205-0328,1986/5/13,川崎重工業,モハ204-97,,
205-0329,1986/5/13,川崎重工業,モハ205-97,,
205-0330,1986/5/13,川崎重工業,クハ205-33,,
205-0331,1986/6/10,川崎重工業,クハ204-34,,
205-0332,1986/6/10,川崎重工業,モハ204-102,,
205-0333,1986/6/10,川崎重工業,モハ205-102,,
205-0334,1986/6/10,川崎重工業,サハ205-68,,
205-0335,1986/6/10,川崎重工業,モハ204-101,,
205-0336,1986/6/10,川崎重工業,モハ205-101,,
205-0337,1986/6/10,川崎重工業,サハ205-67,,
205-0338,1986/6/10,川崎重工業,モハ204-100,,
205-0339,1986/6/10,川崎重工業,モハ205-100,,
205-0340,1986/6/10,川崎重工業,クハ205-34,,
205-0341,1986/8/5,川崎重工業,クハ204-35,,
205-0342,1986/8/5,川崎重工業,モハ204-104,,
205-0343,1986/8/5,川崎重工業,モハ205-104,,
205-0344,1986/8/5,川崎重工業,サハ205-69,,
205-0345,1986/8/5,川崎重工業,モハ204-103,,
205-0346,1986/8/5,川崎重工業,モハ205-103,,
205-0347,1986/8/5,川崎重工業,クハ205-35,,
205-0348,1986/8/7,日本車輌製造,クハ204-36,,
205-0349,1986/8/7,日本車輌製造,モハ204-106,,
205-0350,1986/8/7,日本車輌製造,モハ205-106,,
205-0351,1986/8/7,日本車輌製造,サハ205-70,,
205-0352,1986/8/7,日本車輌製造,モハ204-105,,
205-0353,1986/8/7,日本車輌製造,モハ205-105,,
205-0354,1986/8/7,日本車輌製造,クハ205-36,,
205-0355,1986/8/21,川崎重工業,クハ204-37,,
205-0356,1986/8/21,川崎重工業,モハ204-108,,
205-0357,1986/8/21,川崎重工業,モハ205-108,,
205-0358,1986/8/21,川崎重工業,サハ205-71,,
205-0359,1986/8/21,川崎重工業,モハ204-107,,
205-0360,1986/8/21,川崎重工業,モハ205-107,,
205-0361,1986/8/21,川崎重工業,クハ205-37,,
205-0362,1986/8/28,川崎重工業,クハ204-38,,
205-0363,1986/8/28,川崎重工業,モハ204-110,,
205-0364,1986/8/28,川崎重工業,モハ205-110,,
205-0365,1986/8/28,川崎重工業,サハ205-72,,
205-0366,1986/8/28,川崎重工業,モハ204-109,,
205-0367,1986/8/28,川崎重工業,モハ205-109,,
205-0368,1986/8/28,川崎重工業,クハ205-38,,
205-0369,1987/12/1,日立製作所,クハ204-41,,
205-0370,1987/12/1,日立製作所,モハ204-123,,
205-0371,1987/12/1,日立製作所,モハ205-123,,
205-0372,1987/12/1,日立製作所,サハ205-82,,
205-0373,1987/12/1,日立製作所,モハ204-122,,
205-0374,1987/12/1,日立製作所,モハ205-122,,
205-0375,1987/12/1,日立製作所,サハ205-81,,
205-0376,1987/12/1,日立製作所,モハ204-121,,
205-0377,1987/12/1,日立製作所,モハ205-121,,
205-0378,1987/12/1,日立製作所,クハ205-41,,
205-0379,1987/12/22,日立製作所,クハ204-42,,
205-0380,1987/12/22,日立製作所,モハ204-126,,
205-0381,1987/12/22,日立製作所,モハ205-126,,
205-0382,1987/12/22,日立製作所,サハ205-84,,
205-0383,1987/12/22,日立製作所,モハ204-125,,
205-0384,1987/12/22,日立製作所,モハ205-125,,
205-0385,1987/12/22,日立製作所,サハ205-83,,
205-0386,1987/12/22,日立製作所,モハ204-124,,
205-0387,1987/12/22,日立製作所,モハ205-124,,
205-0388,1987/12/22,日立製作所,クハ205-42,,
205-0389,1988/1/8,日立製作所,クハ204-43,,
205-0390,1988/1/8,日立製作所,モハ204-129,,
205-0391,1988/1/8,日立製作所,モハ205-129,,
205-0392,1988/1/8,日立製作所,サハ205-86,,
205-0393,1988/1/8,日立製作所,モハ204-128,,
205-0394,1988/1/8,日立製作所,モハ205-128,,
205-0395,1988/1/8,日立製作所,サハ205-85,,
205-0396,1988/1/8,日立製作所,モハ204-127,,
205-0397,1988/1/8,日立製作所,モハ205-127,,
205-0398,1988/1/8,日立製作所,クハ205-43,,
205-0399,1988/1/12,日立製作所,クハ204-44,,
205-0400,1988/1/12,日立製作所,モハ204-132,,
205-0401,1988/1/12,日立製作所,モハ205-132,,
205-0402,1988/1/12,日立製作所,サハ205-88,,
205-0403,1988/1/12,日立製作所,モハ204-131,,
205-0404,1988/1/12,日立製作所,モハ205-131,,
205-0405,1988/1/12,日立製作所,サハ205-87,,
205-0406,1988/1/12,日立製作所,モハ204-130,,
205-0407,1988/1/12,日立製作所,モハ205-130,,
205-0408,1988/1/12,日立製作所,クハ205-44,,
205-0409,1988/1/22,日立製作所,クハ204-45,,
205-0410,1988/1/22,日立製作所,モハ204-135,,
205-0411,1988/1/22,日立製作所,モハ205-135,,
205-0412,1988/1/22,日立製作所,サハ205-90,,
205-0413,1988/1/22,日立製作所,モハ204-134,,
205-0414,1988/1/22,日立製作所,モハ205-134,,
205-0415,1988/1/22,日立製作所,サハ205-89,,
205-0416,1988/1/22,日立製作所,モハ204-133,,
205-0417,1988/1/22,日立製作所,モハ205-133,,
205-0418,1988/1/22,日立製作所,クハ205-45,,
205-0419,1988/2/6,日立製作所,クハ204-46,,
205-0420,1988/2/6,日立製作所,モハ204-138,,
205-0421,1988/2/6,日立製作所,モハ205-138,,
205-0422,1988/2/6,日立製作所,サハ205-92,,
205-0423,1988/2/6,日立製作所,モハ204-137,,
205-0424,1988/2/6,日立製作所,モハ205-137,,
205-0425,1988/2/6,日立製作所,サハ205-91,,
205-0426,1988/2/6,日立製作所,モハ204-136,,
205-0427,1988/2/6,日立製作所,モハ205-136,,
205-0428,1988/2/6,日立製作所,クハ205-46,,
205-0429,1988/2/18,日立製作所,クハ204-47,,
205-0430,1988/2/18,日立製作所,モハ204-141,,
205-0431,1988/2/18,日立製作所,モハ205-141,,
205-0432,1988/2/18,日立製作所,サハ205-94,,
205-0433,1988/2/18,日立製作所,モハ204-140,,
205-0434,1988/2/18,日立製作所,モハ205-140,,
205-0435,1988/2/18,日立製作所,サハ205-93,,
205-0436,1988/2/18,日立製作所,モハ204-139,,
205-0437,1988/2/18,日立製作所,モハ205-139,,
205-0438,1988/2/18,日立製作所,クハ205-47,,
205-0439,1988/2/27,日立製作所,クハ204-48,,
205-0440,1988/2/27,日立製作所,モハ204-144,,
205-0441,1988/2/27,日立製作所,モハ205-144,,
205-0442,1988/2/27,日立製作所,サハ205-96,,
205-0443,1988/2/27,日立製作所,モハ204-143,,
205-0444,1988/2/27,日立製作所,モハ205-143,,
205-0445,1988/2/27,日立製作所,サハ205-95,,
205-0446,1988/2/27,日立製作所,モハ204-142,,
205-0447,1988/2/27,日立製作所,モハ205-142,,
205-0448,1988/2/27,日立製作所,クハ205-48,,
205-0449,1988/2/25,川崎重工業,クハ204-49,,
205-0450,1988/2/25,川崎重工業,モハ204-147,,
205-0451,1988/2/25,川崎重工業,モハ205-147,,
205-0452,1988/2/25,川崎重工業,サハ205-98,,
205-0453,1988/2/25,川崎重工業,モハ204-146,,
205-0454,1988/2/25,川崎重工業,モハ205-146,,
205-0455,1988/2/25,川崎重工業,サハ205-97,,
205-0456,1988/2/25,川崎重工業,モハ204-145,,
205-0457,1988/2/25,川崎重工業,モハ205-145,,
205-0458,1988/2/25,川崎重工業,クハ205-49,,
205-0459,1988/3/5,川崎重工業,クハ204-50,,
205-0460,1988/3/5,川崎重工業,モハ204-150,,
205-0461,1988/3/5,川崎重工業,モハ205-150,,
205-0462,1988/3/5,川崎重工業,サハ205-100,,
205-0463,1988/3/5,川崎重工業,モハ204-149,,
205-0464,1988/3/5,川崎重工業,モハ205-149,,
205-0465,1988/3/5,川崎重工業,サハ205-99,,
205-0466,1988/3/5,川崎重工業,モハ204-148,,
205-0467,1988/3/5,川崎重工業,モハ205-148,,
205-0468,1988/3/5,川崎重工業,クハ205-50,,
205-0469,1988/3/11,川崎重工業,クハ204-51,,
205-0470,1988/3/11,川崎重工業,モハ204-153,,
205-0471,1988/3/11,川崎重工業,モハ205-153,,
205-0472,1988/3/11,川崎重工業,サハ205-102,,
205-0473,1988/3/11,川崎重工業,モハ204-152,,
205-0474,1988/3/11,川崎重工業,モハ205-152,,
205-0475,1988/3/11,川崎重工業,サハ205-101,,
205-0476,1988/3/11,川崎重工業,モハ204-151,,
205-0477,1988/3/11,川崎重工業,モハ205-151,,
205-0478,1988/3/11,川崎重工業,クハ205-51,,
205-0479,1988/3/17,川崎重工業,クハ204-52,,
205-0480,1988/3/17,川崎重工業,モハ204-156,,
205-0481,1988/3/17,川崎重工業,モハ205-156,,
205-0482,1988/3/17,川崎重工業,サハ205-104,,
205-0483,1988/3/17,川崎重工業,モハ204-155,,
205-0484,1988/3/17,川崎重工業,モハ205-155,,
205-0485,1988/3/17,川崎重工業,サハ205-103,,
205-0486,1988/3/17,川崎重工業,モハ204-154,,
205-0487,1988/3/17,川崎重工業,モハ205-154,,
205-0488,1988/3/17,川崎重工業,クハ205-52,,
205-0489,1988/3/22,東急車輛製造,クハ204-53,,
205-0490,1988/3/22,東急車輛製造,モハ204-159,,
205-0491,1988/3/22,東急車輛製造,モハ205-159,,
205-0492,1988/3/22,東急車輛製造,サハ205-106,,
205-0493,1988/3/22,東急車輛製造,モハ204-158,,
205-0494,1988/3/22,東急車輛製造,モハ205-158,,
205-0495,1988/3/22,東急車輛製造,サハ205-105,,
205-0496,1988/3/22,東急車輛製造,モハ204-157,,
205-0497,1988/3/22,東急車輛製造,モハ205-157,,
205-0498,1988/3/22,東急車輛製造,クハ205-53,,
205-0499,1988/3/28,東急車輛製造,クハ204-54,,
205-0500,1988/3/28,東急車輛製造,モハ204-162,,
205-0501,1988/3/28,東急車輛製造,モハ205-162,,
205-0502,1988/3/28,東急車輛製造,サハ205-108,,
205-0503,1988/3/28,東急車輛製造,モハ204-161,,
205-0504,1988/3/28,東急車輛製造,モハ205-161,,
205-0505,1988/3/28,東急車輛製造,サハ205-107,,
205-0506,1988/3/28,東急車輛製造,モハ204-160,,
205-0507,1988/3/28,東急車輛製造,モハ205-160,,
205-0508,1988/3/28,東急車輛製造,クハ205-54,,
205-0509,1988/3/30,東急車輛製造,クハ204-55,,
205-0510,1988/3/30,東急車輛製造,モハ204-165,,
205-0511,1988/3/30,東急車輛製造,モハ205-165,,
205-0512,1988/3/30,東急車輛製造,サハ205-110,,
205-0513,1988/3/30,東急車輛製造,モハ204-164,,
205-0514,1988/3/30,東急車輛製造,モハ205-164,,
205-0515,1988/3/30,東急車輛製造,サハ205-109,,
205-0516,1988/3/30,東急車輛製造,モハ204-163,,
205-0517,1988/3/30,東急車輛製造,モハ205-163,,
205-0518,1988/3/30,東急車輛製造,クハ205-55,,
205-0519,1988/4/25,東急車輛製造,クハ204-56,,
205-0520,1988/4/25,東急車輛製造,モハ204-168,,
205-0521,1988/4/25,東急車輛製造,モハ205-168,,
205-0522,1988/4/25,東急車輛製造,サハ205-112,,
205-0523,1988/4/25,東急車輛製造,モハ204-167,,
205-0524,1988/4/25,東急車輛製造,モハ205-167,,
205-0525,1988/4/25,東急車輛製造,サハ205-111,,
205-0526,1988/4/25,東急車輛製造,モハ204-166,,
205-0527,1988/4/25,東急車輛製造,モハ205-166,,
205-0528,1988/4/25,東急車輛製造,クハ205-56,,
205-0529,1988/4/28,東急車輛製造,クハ204-57,,
205-0530,1988/4/28,東急車輛製造,モハ204-171,,
205-0531,1988/4/28,東急車輛製造,モハ205-171,,
205-0532,1988/4/28,東急車輛製造,サハ205-114,,
205-0533,1988/4/28,東急車輛製造,モハ204-170,,
205-0534,1988/4/28,東急車輛製造,モハ205-170,,
205-0535,1988/4/28,東急車輛製造,サハ205-113,,
205-0536,1988/4/28,東急車輛製造,モハ204-169,,
205-0537,1988/4/28,東急車輛製造,モハ205-169,,
205-0538,1988/4/28,東急車輛製造,クハ205-57,,
205-0539,1988/5/26,東急車輛製造,クハ204-58,,
205-0540,1988/5/26,東急車輛製造,モハ204-174,,
205-0541,1988/5/26,東急車輛製造,モハ205-174,,
205-0542,1988/5/26,東急車輛製造,サハ205-116,,
205-0543,1988/5/26,東急車輛製造,モハ204-173,,
205-0544,1988/5/26,東急車輛製造,モハ205-173,,
205-0545,1988/5/26,東急車輛製造,サハ205-115,,
205-0546,1988/5/26,東急車輛製造,モハ204-172,,
205-0547,1988/5/26,東急車輛製造,モハ205-172,,
205-0548,1988/5/26,東急車輛製造,クハ205-58,,
205-0549,1988/5/27,東急車輛製造,クハ204-59,,
205-0550,1988/5/27,東急車輛製造,モハ204-177,,
205-0551,1988/5/27,東急車輛製造,モハ205-177,,
205-0552,1988/5/27,東急車輛製造,サハ205-118,,
205-0553,1988/5/27,東急車輛製造,モハ204-176,,
205-0554,1988/5/27,東急車輛製造,モハ205-176,,
205-0555,1988/5/27,東急車輛製造,サハ205-117,,
205-0556,1988/5/27,東急車輛製造,モハ204-175,,
205-0557,1988/5/27,東急車輛製造,モハ205-175,,
205-0558,1988/5/27,東急車輛製造,クハ205-59,,
205-0559,1988/6/20,東急車輛製造,クハ204-60,,
205-0560,1988/6/20,東急車輛製造,モハ204-180,,
205-0561,1988/6/20,東急車輛製造,モハ205-180,,
205-0562,1988/6/20,東急車輛製造,サハ205-120,,
205-0563,1988/6/20,東急車輛製造,モハ204-179,,
205-0564,1988/6/20,東急車輛製造,モハ205-179,,
205-0565,1988/6/20,東急車輛製造,サハ205-119,,
205-0566,1988/6/20,東急車輛製造,モハ204-178,,
205-0567,1988/6/20,東急車輛製造,モハ205-178,,
205-0568,1988/6/20,東急車輛製造,クハ205-60,,
205-0569,1988/9/2,日本車輌製造,クハ204-61,,
205-0570,1988/9/2,日本車輌製造,モハ204-182,,
205-0571,1988/9/2,日本車輌製造,モハ205-182,,
205-0572,1988/9/2,日本車輌製造,サハ205-121,,
205-0573,1988/9/2,日本車輌製造,モハ204-181,,
205-0574,1988/9/2,日本車輌製造,モハ205-181,,
205-0575,1988/9/2,日本車輌製造,クハ205-61,,
205-0576,1988/9/7,日本車輌製造,クハ204-62,,
205-0577,1988/9/7,日本車輌製造,モハ204-184,,
205-0578,1988/9/7,日本車輌製造,モハ205-184,,
205-0579,1988/9/7,日本車輌製造,サハ205-122,,
205-0580,1988/9/7,日本車輌製造,モハ204-183,,
205-0581,1988/9/7,日本車輌製造,モハ205-183,,
205-0582,1988/9/7,日本車輌製造,クハ205-62,,
205-0583,1988/9/14,日本車輌製造,クハ204-63,,
205-0584,1988/9/14,日本車輌製造,モハ204-186,,
205-0585,1988/9/14,日本車輌製造,モハ205-186,,
205-0586,1988/9/14,日本車輌製造,サハ205-123,,
205-0587,1988/9/14,日本車輌製造,モハ204-185,,
205-0588,1988/9/14,日本車輌製造,モハ205-185,,
205-0589,1988/9/14,日本車輌製造,クハ205-63,,
205-0590,1988/9/20,日本車輌製造,クハ204-64,,
205-0591,1988/9/20,日本車輌製造,モハ204-188,,
205-0592,1988/9/20,日本車輌製造,モハ205-188,,
205-0593,1988/9/20,日本車輌製造,サハ205-124,,
205-0594,1988/9/20,日本車輌製造,モハ204-187,,
205-0595,1988/9/20,日本車輌製造,モハ205-187,,
205-0596,1988/9/20,日本車輌製造,クハ205-64,,
205-0597,1988/9/26,日本車輌製造,クハ204-65,,
205-0598,1988/9/26,日本車輌製造,モハ204-190,,
205-0599,1988/9/26,日本車輌製造,モハ205-190,,
205-0600,1988/9/26,日本車輌製造,サハ205-125,,
205-0601,1988/9/26,日本車輌製造,モハ204-189,,
205-0602,1988/9/26,日本車輌製造,モハ205-189,,
205-0603,1988/9/26,日本車輌製造,クハ205-65,,
205-0604,1988/9/30,日本車輌製造,クハ204-66,,
205-0605,1988/9/30,日本車輌製造,モハ204-192,,
205-0606,1988/9/30,日本車輌製造,モハ205-192,,
205-0607,1988/9/30,日本車輌製造,サハ205-126,,
205-0608,1988/9/30,日本車輌製造,モハ204-191,,
205-0609,1988/9/30,日本車輌製造,モハ205-191,,
205-0610,1988/9/30,日本車輌製造,クハ205-66,,
205-0611,1988/10/5,日本車輌製造,クハ204-67,,
205-0612,1988/10/5,日本車輌製造,モハ204-194,,
205-0613,1988/10/5,日本車輌製造,モハ205-194,,
205-0614,1988/10/5,日本車輌製造,サハ205-127,,
205-0615,1988/10/5,日本車輌製造,モハ204-193,,
205-0616,1988/10/5,日本車輌製造,モハ205-193,,
205-0617,1988/10/5,日本車輌製造,クハ205-67,,
205-0618,1988/11/7,川崎重工業,クハ204-68,,
205-0619,1988/11/7,川崎重工業,モハ204-196,,
205-0620,1988/11/7,川崎重工業,モハ205-196,,
205-0621,1988/11/7,川崎重工業,サハ205-128,,
205-0622,1988/11/7,川崎重工業,モハ204-195,,
205-0623,1988/11/7,川崎重工業,モハ205-195,,
205-0624,1988/11/7,川崎重工業,クハ205-68,,
205-0625,1988/11/15,川崎重工業,クハ204-69,,
205-0626,1988/11/15,川崎重工業,モハ204-198,,
205-0627,1988/11/15,川崎重工業,モハ205-198,,
205-0628,1988/11/15,川崎重工業,サハ205-129,,
205-0629,1988/11/15,川崎重工業,モハ204-197,,
205-0630,1988/11/15,川崎重工業,モハ205-197,,
205-0631,1988/11/15,川崎重工業,クハ205-69,,
205-0632,1988/11/25,川崎重工業,クハ204-70,,
205-0633,1988/11/25,川崎重工業,モハ204-200,,
205-0634,1988/11/25,川崎重工業,モハ205-200,,
205-0635,1988/11/25,川崎重工業,サハ205-130,,
205-0636,1988/11/25,川崎重工業,モハ204-199,,
205-0637,1988/11/25,川崎重工業,モハ205-199,,
205-0638,1988/11/25,川崎重工業,クハ205-70,,
205-0639,1988/12/2,川崎重工業,クハ204-71,,
205-0640,1988/12/2,川崎重工業,モハ204-202,,
205-0641,1988/12/2,川崎重工業,モハ205-202,,
205-0642,1988/12/2,川崎重工業,サハ205-131,,
205-0643,1988/12/2,川崎重工業,モハ204-201,,
205-0644,1988/12/2,川崎重工業,モハ205-201,,
205-0645,1988/12/2,川崎重工業,クハ205-71,,
205-0646,1988/12/6,近畿車輛,クハ204-72,,
205-0647,1988/12/6,近畿車輛,モハ204-204,,
205-0648,1988/12/6,近畿車輛,モハ205-204,,
205-0649,1988/12/6,近畿車輛,サハ205-132,,
205-0650,1988/12/6,近畿車輛,モハ204-203,,
205-0651,1988/12/6,近畿車輛,モハ205-203,,
205-0652,1988/12/6,近畿車輛,クハ205-72,,
205-0653,1988/12/9,川崎重工業,クハ204-73,,
205-0654,1988/12/9,川崎重工業,モハ204-206,,
205-0655,1988/12/9,川崎重工業,モハ205-206,,
205-0656,1988/12/9,川崎重工業,サハ205-133,,
205-0657,1988/12/9,川崎重工業,モハ204-205,,
205-0658,1988/12/9,川崎重工業,モハ205-205,,
205-0659,1988/12/9,川崎重工業,クハ205-73,,
205-0660,1988/12/12,近畿車輛,クハ204-74,,
205-0661,1988/12/12,近畿車輛,モハ204-208,,
205-0662,1988/12/12,近畿車輛,モハ205-208,,
205-0663,1988/12/12,近畿車輛,サハ205-134,,
205-0664,1988/12/12,近畿車輛,モハ204-207,,
205-0665,1988/12/12,近畿車輛,モハ205-207,,
205-0666,1988/12/12,近畿車輛,クハ205-74,,
205-0667,1988/12/15,東急車輛製造,クハ204-75,,
205-0668,1988/12/15,東急車輛製造,モハ204-210,,
205-0669,1988/12/15,東急車輛製造,モハ205-210,,
205-0670,1988/12/15,東急車輛製造,サハ205-135,,
205-0671,1988/12/15,東急車輛製造,モハ204-209,,
205-0672,1988/12/15,東急車輛製造,モハ205-209,,
205-0673,1988/12/15,東急車輛製造,クハ205-75,,
205-0674,1988/12/21,川崎重工業,クハ204-76,,
205-0675,1988/12/21,川崎重工業,モハ204-212,,
205-0676,1988/12/21,川崎重工業,モハ205-212,,
205-0677,1988/12/21,川崎重工業,サハ205-136,,
205-0678,1988/12/21,川崎重工業,モハ204-211,,
205-0679,1988/12/21,川崎重工業,モハ205-211,,
205-0680,1988/12/21,川崎重工業,クハ205-76,,
205-0681,1989/1/13,川崎重工業,クハ204-77,,
205-0682,1989/1/13,川崎重工業,モハ204-214,,
205-0683,1989/1/13,川崎重工業,モハ205-214,,
205-0684,1989/1/13,川崎重工業,サハ205-137,,
205-0685,1989/1/13,川崎重工業,モハ204-213,,
205-0686,1989/1/13,川崎重工業,モハ205-213,,
205-0687,1989/1/13,川崎重工業,クハ205-77,,
205-0688,1989/1/17,近畿車輛,クハ204-78,,
205-0689,1989/1/17,近畿車輛,モハ204-216,,
205-0690,1989/1/17,近畿車輛,モハ205-216,,
205-0691,1989/1/17,近畿車輛,サハ205-138,,
205-0692,1989/1/17,近畿車輛,モハ204-215,,
205-0693,1989/1/17,近畿車輛,モハ205-215,,
205-0694,1989/1/17,近畿車輛,クハ205-78,,
205-0695,1989/1/20,川崎重工業,クハ204-79,,
205-0696,1989/1/20,川崎重工業,モハ204-218,,
205-0697,1989/1/20,川崎重工業,モハ205-218,,
205-0698,1989/1/20,川崎重工業,サハ205-139,,
205-0699,1989/1/20,川崎重工業,モハ204-217,,
205-0700,1989/1/20,川崎重工業,モハ205-217,,
205-0701,1989/1/20,川崎重工業,クハ205-79,,
205-0702,1989/1/24,川崎重工業,クハ204-80,,
205-0703,1989/1/24,川崎重工業,モハ204-220,,
205-0704,1989/1/24,川崎重工業,モハ205-220,,
205-0705,1989/1/24,川崎重工業,サハ205-140,,
205-0706,1989/1/24,川崎重工業,モハ204-219,,
205-0707,1989/1/24,川崎重工業,モハ205-219,,
205-0708,1989/1/24,川崎重工業,クハ205-80,,
205-0709,1989/1/27,東急車輛製造,クハ204-81,,
205-0710,1989/1/27,東急車輛製造,モハ204-222,,
205-0711,1989/1/27,東急車輛製造,モハ205-222,,
205-0712,1989/1/27,東急車輛製造,サハ205-141,,
205-0713,1989/1/27,東急車輛製造,モハ204-221,,
205-0714,1989/1/27,東急車輛製造,モハ205-221,,
205-0715,1989/1/27,東急車輛製造,クハ205-81,,
205-0716,1989/1/31,東急車輛製造,クハ204-82,,
205-0717,1989/1/31,東急車輛製造,モハ204-224,,
205-0718,1989/1/31,東急車輛製造,モハ205-224,,
205-0719,1989/1/31,東急車輛製造,サハ205-142,,
205-0720,1989/1/31,東急車輛製造,モハ204-223,,
205-0721,1989/1/31,東急車輛製造,モハ205-223,,
205-0722,1989/1/31,東急車輛製造,クハ205-82,,
205-0723,1989/2/17,東急車輛製造,クハ204-83,,
205-0724,1989/2/17,東急車輛製造,モハ204-226,,
205-0725,1989/2/17,東急車輛製造,モハ205-226,,
205-0726,1989/2/17,東急車輛製造,サハ205-143,,
205-0727,1989/2/17,東急車輛製造,モハ204-225,,
205-0728,1989/2/17,東急車輛製造,モハ205-225,,
205-0729,1989/2/17,東急車輛製造,クハ205-83,,
205-0730,1989/2/21,東急車輛製造,クハ204-84,,
205-0731,1989/2/21,東急車輛製造,モハ204-228,,
205-0732,1989/2/21,東急車輛製造,モハ205-228,,
205-0733,1989/2/21,東急車輛製造,サハ205-144,,
205-0734,1989/2/21,東急車輛製造,モハ204-227,,
205-0735,1989/2/21,東急車輛製造,モハ205-227,,
205-0736,1989/2/21,東急車輛製造,クハ205-84,,
205-0737,1989/2/24,東急車輛製造,クハ204-85,,
205-0738,1989/2/15,JR東日本大船工場,モハ204-230,,
205-0739,1989/2/15,JR東日本大船工場,モハ205-230,,
205-0740,1989/2/15,JR東日本大船工場,サハ205-145,,
205-0741,1989/2/24,東急車輛製造,モハ204-229,,
205-0742,1989/2/24,東急車輛製造,モハ205-229,,
205-0743,1989/2/24,東急車輛製造,クハ205-85,,
205-0744,1989/2/13,川崎重工業,クハ205-86,,
205-0745,1989/2/13,川崎重工業,モハ205-231,,
205-0746,1989/2/13,川崎重工業,モハ204-231,,
205-0747,1989/2/13,川崎重工業,モハ205-232,,
205-0748,1989/2/13,川崎重工業,モハ204-232,,
205-0749,1989/2/13,川崎重工業,クハ204-86,,
205-0750,1989/3/7,川崎重工業,クハ205-87,,
205-0751,1989/3/7,川崎重工業,モハ205-233,,
205-0752,1989/3/7,川崎重工業,モハ204-233,,
205-0753,1989/3/7,川崎重工業,モハ205-234,,
205-0754,1989/3/7,川崎重工業,モハ204-234,,
205-0755,1989/3/7,川崎重工業,クハ204-87,,
205-0756,1989/3/8,川崎重工業,クハ205-88,,
205-0757,1989/3/8,川崎重工業,モハ205-235,,
205-0758,1989/3/8,川崎重工業,モハ204-235,,
205-0759,1989/3/8,川崎重工業,モハ205-236,,
205-0760,1989/3/8,川崎重工業,モハ204-236,,
205-0761,1989/3/8,川崎重工業,クハ204-88,,
205-0762,1989/6/8,川崎重工業,クハ204-89,,
205-0763,1989/6/8,川崎重工業,モハ204-239,,
205-0764,1989/6/8,川崎重工業,モハ205-239,,
205-0765,1989/6/8,川崎重工業,サハ205-147,,
205-0766,1989/6/8,川崎重工業,モハ204-238,,
205-0767,1989/6/8,川崎重工業,モハ205-238,,
205-0768,1989/6/8,川崎重工業,サハ205-146,,
205-0769,1989/6/8,川崎重工業,モハ204-237,,
205-0770,1989/6/8,川崎重工業,モハ205-237,,
205-0771,1989/6/8,川崎重工業,クハ205-89,,
205-0772,1989/6/13,川崎重工業,クハ204-90,,
205-0773,1989/6/13,川崎重工業,モハ204-242,,
205-0774,1989/6/13,川崎重工業,モハ205-242,,
205-0775,1989/6/13,川崎重工業,サハ205-149,,
205-0776,1989/6/13,川崎重工業,モハ204-241,,
205-0777,1989/6/13,川崎重工業,モハ205-241,,
205-0778,1989/6/13,川崎重工業,サハ205-148,,
205-0779,1989/6/13,川崎重工業,モハ204-240,,
205-0780,1989/6/13,川崎重工業,モハ205-240,,
205-0781,1989/6/13,川崎重工業,クハ205-90,,
205-0782,1989/6/21,川崎重工業,クハ204-91,,
205-0783,1989/6/21,川崎重工業,モハ204-245,,
205-0784,1989/6/21,川崎重工業,モハ205-245,,
205-0785,1989/6/21,川崎重工業,サハ205-151,,
205-0786,1989/6/21,川崎重工業,モハ204-244,,
205-0787,1989/6/21,川崎重工業,モハ205-244,,
205-0788,1989/6/21,川崎重工業,サハ205-150,,
205-0789,1989/6/21,川崎重工業,モハ204-243,,
205-0790,1989/6/21,川崎重工業,モハ205-243,,
205-0791,1989/6/21,川崎重工業,クハ205-91,,
205-0792,1989/6/26,川崎重工業,クハ204-92,,
205-0793,1989/6/26,川崎重工業,モハ204-248,,
205-0794,1989/6/26,川崎重工業,モハ205-248,,
205-0795,1989/6/26,川崎重工業,サハ205-153,,
205-0796,1989/6/26,川崎重工業,モハ204-247,,
205-0797,1989/6/26,川崎重工業,モハ205-247,,
205-0798,1989/6/26,川崎重工業,サハ205-152,,
205-0799,1989/6/26,川崎重工業,モハ204-246,,
205-0800,1989/6/26,川崎重工業,モハ205-246,,
205-0801,1989/6/26,川崎重工業,クハ205-92,,
205-0802,1989/7/8,川崎重工業,クハ204-93,,
205-0803,1989/7/8,川崎重工業,モハ204-251,,
205-0804,1989/7/8,川崎重工業,モハ205-251,,
205-0805,1989/7/8,川崎重工業,サハ205-155,,
205-0806,1989/7/8,川崎重工業,モハ204-250,,
205-0807,1989/7/8,川崎重工業,モハ205-250,,
205-0808,1989/7/8,川崎重工業,サハ205-154,,
205-0809,1989/7/8,川崎重工業,モハ204-249,,
205-0810,1989/7/8,川崎重工業,モハ205-249,,
205-0811,1989/7/8,川崎重工業,クハ205-93,,
205-0812,1989/8/22,川崎重工業,クハ204-94,,
205-0813,1989/8/22,川崎重工業,モハ204-254,,
205-0814,1989/8/22,川崎重工業,モハ205-254,,
205-0815,1989/8/22,川崎重工業,サハ205-157,,
205-0816,1989/8/22,川崎重工業,モハ204-253,,
205-0817,1989/8/22,川崎重工業,モハ205-253,,
205-0818,1989/8/22,川崎重工業,サハ205-156,,
205-0819,1989/8/22,川崎重工業,モハ204-252,,
205-0820,1989/8/22,川崎重工業,モハ205-252,,
205-0821,1989/8/22,川崎重工業,クハ205-94,,
205-0822,1989/7/20,川崎重工業,クハ204-95,,
205-0823,1989/7/20,川崎重工業,モハ204-257,,
205-0824,1989/7/20,川崎重工業,モハ205-257,,
205-0825,1989/7/20,川崎重工業,サハ205-159,,
205-0826,1989/7/20,川崎重工業,モハ204-256,,
205-0827,1989/7/20,川崎重工業,モハ205-256,,
205-0828,1989/7/20,川崎重工業,サハ205-158,,
205-0829,1989/7/20,川崎重工業,モハ204-255,,
205-0830,1989/7/20,川崎重工業,モハ205-255,,
205-0831,1989/7/20,川崎重工業,クハ205-95,,
205-0832,1989/9/2,川崎重工業,クハ204-96,,
205-0833,1989/9/2,川崎重工業,モハ204-260,,
205-0834,1989/9/2,川崎重工業,モハ205-260,,
205-0835,1989/9/2,川崎重工業,サハ205-161,,
205-0836,1989/9/2,川崎重工業,モハ204-259,,
205-0837,1989/9/2,川崎重工業,モハ205-259,,
205-0838,1989/9/2,川崎重工業,サハ205-160,クハ205-3101,
205-0839,1989/9/2,川崎重工業,モハ204-258,,
205-0840,1989/9/2,川崎重工業,モハ205-258,,
205-0841,1989/9/2,川崎重工業,クハ205-96,,
205-0842,1989/9/8,川崎重工業,クハ204-97,,
205-0843,1989/9/8,川崎重工業,モハ204-263,,
205-0844,1989/9/8,川崎重工業,モハ205-263,,
205-0845,1989/9/8,川崎重工業,サハ205-163,クハ204-3112,
205-0846,1989/9/8,川崎重工業,モハ204-262,,
205-0847,1989/9/8,川崎重工業,モハ205-262,,
205-0848,1989/9/8,川崎重工業,サハ205-162,クハ205-3112,
205-0849,1989/9/8,川崎重工業,モハ204-261,,
205-0850,1989/9/8,川崎重工業,モハ205-261,,
205-0851,1989/9/8,川崎重工業,クハ205-97,,
205-0852,1989/9/19,川崎重工業,クハ204-98,,
205-0853,1989/9/19,川崎重工業,モハ204-266,,
205-0854,1989/9/19,川崎重工業,モハ205-266,,
205-0855,1989/9/19,川崎重工業,サハ205-165,クハ204-3109,
205-0856,1989/9/19,川崎重工業,モハ204-265,,
205-0857,1989/9/19,川崎重工業,モハ205-265,,
205-0858,1989/9/19,川崎重工業,サハ205-164,クハ205-3109,
205-0859,1989/9/19,川崎重工業,モハ204-264,,
205-0860,1989/9/19,川崎重工業,モハ205-264,,
205-0861,1989/9/19,川崎重工業,クハ205-98,,
205-0862,1989/9/22,川崎重工業,クハ204-99,,
205-0863,1989/9/22,川崎重工業,モハ204-269,,
205-0864,1989/9/22,川崎重工業,モハ205-269,,
205-0865,1989/9/22,川崎重工業,サハ205-167,クハ204-3116,
205-0866,1989/9/22,川崎重工業,モハ204-268,,
205-0867,1989/9/22,川崎重工業,モハ205-268,,
205-0868,1989/9/22,川崎重工業,サハ205-166,クハ205-3116,
205-0869,1989/9/22,川崎重工業,モハ204-267,,
205-0870,1989/9/22,川崎重工業,モハ205-267,,
205-0871,1989/9/22,川崎重工業,クハ205-99,,
205-0872,1989/09/27,川崎重工業,クハ205-100,,
205-0873,1989/09/27,川崎重工業,モハ205-270,,
205-0874,1989/09/27,川崎重工業,モハ204-270,,
205-0875,1989/09/27,川崎重工業,モハ205-271,,
205-0876,1989/09/27,川崎重工業,モハ204-271,,
205-0877,1989/09/27,川崎重工業,クハ204-100,,
205-0878,1989/10/03,川崎重工業,クハ205-101,,
205-0879,1989/10/03,川崎重工業,モハ205-272,,
205-0880,1989/10/03,川崎重工業,モハ204-272,,
205-0881,1989/10/03,川崎重工業,モハ205-273,,
205-0882,1989/10/03,川崎重工業,モハ204-273,,
205-0883,1989/10/03,川崎重工業,クハ204-101,,
205-0884,1989/10/12,川崎重工業,クハ205-102,,
205-0885,1989/10/12,川崎重工業,モハ205-274,,
205-0886,1989/10/12,川崎重工業,モハ204-274,,
205-0887,1989/10/12,川崎重工業,モハ205-275,,
205-0888,1989/10/12,川崎重工業,モハ204-275,,
205-0889,1989/10/12,川崎重工業,クハ204-102,,
205-0890,1989/10/24,川崎重工業,クハ205-103,,
205-0891,1989/10/24,川崎重工業,モハ205-276,,
205-0892,1989/10/24,川崎重工業,モハ204-276,,
205-0893,1989/10/24,川崎重工業,モハ205-277,,
205-0894,1989/10/24,川崎重工業,モハ204-277,,
205-0895,1989/10/24,川崎重工業,クハ204-103,,
205-0896,1989/10/18,川崎重工業,クハ204-104,,
205-0897,1989/10/18,川崎重工業,モハ204-280,,
205-0898,1989/10/18,川崎重工業,モハ205-280,,
205-0899,1989/10/18,川崎重工業,サハ205-169,,
205-0900,1989/10/18,川崎重工業,モハ204-279,,
205-0901,1989/10/18,川崎重工業,モハ205-279,,
205-0902,1989/10/18,川崎重工業,サハ205-168,,
205-0903,1989/10/18,川崎重工業,モハ204-278,,
205-0904,1989/10/18,川崎重工業,モハ205-278,,
205-0905,1989/10/18,川崎重工業,クハ205-104,,
205-0906,1989/10/27,川崎重工業,クハ204-105,,
205-0907,1989/10/27,川崎重工業,モハ204-283,,
205-0908,1989/10/27,川崎重工業,モハ205-283,,
205-0909,1989/10/27,川崎重工業,サハ205-171,,
205-0910,1989/10/27,川崎重工業,モハ204-282,,
205-0911,1989/10/27,川崎重工業,モハ205-282,,
205-0912,1989/10/27,川崎重工業,サハ205-170,,
205-0913,1989/10/27,川崎重工業,モハ204-281,,
205-0914,1989/10/27,川崎重工業,モハ205-281,,
205-0915,1989/10/27,川崎重工業,クハ205-105,,
205-0916,1989/11/08,川崎重工業,クハ204-106,,
205-0917,1989/11/08,川崎重工業,モハ204-286,,
205-0918,1989/11/08,川崎重工業,モハ205-286,,
205-0919,1989/11/08,川崎重工業,サハ205-173,,
205-0920,1989/11/08,川崎重工業,モハ204-285,,
205-0921,1989/11/08,川崎重工業,モハ205-285,,
205-0922,1989/11/08,川崎重工業,サハ205-172,,
205-0923,1989/11/08,川崎重工業,モハ204-284,,
205-0924,1989/11/08,川崎重工業,モハ205-284,,
205-0925,1989/11/08,川崎重工業,クハ205-106,,
205-0926,1989/11/15,川崎重工業,クハ204-107,,
205-0927,1989/11/15,川崎重工業,モハ204-289,,
205-0928,1989/11/15,川崎重工業,モハ205-289,,
205-0929,1989/11/15,川崎重工業,サハ205-175,,
205-0930,1989/11/15,川崎重工業,モハ204-288,,
205-0931,1989/11/15,川崎重工業,モハ205-288,,
205-0932,1989/11/15,川崎重工業,サハ205-174,,
205-0933,1989/11/15,川崎重工業,モハ204-287,,
205-0934,1989/11/15,川崎重工業,モハ205-287,,
205-0935,1989/11/15,川崎重工業,クハ205-107,,
205-0936,1989/11/21,川崎重工業,クハ204-108,,
205-0937,1989/11/21,川崎重工業,モハ204-292,,
205-0938,1989/11/21,川崎重工業,モハ205-292,,
205-0939,1989/11/21,川崎重工業,サハ205-177,,
205-0940,1989/11/21,川崎重工業,モハ204-291,,
205-0941,1989/11/21,川崎重工業,モハ205-291,,
205-0942,1989/11/21,川崎重工業,サハ205-176,,
205-0943,1989/11/21,川崎重工業,モハ204-290,,
205-0944,1989/11/21,川崎重工業,モハ205-290,,
205-0945,1989/11/21,川崎重工業,クハ205-108,,
205-0946,1989/11/25,川崎重工業,クハ204-109,,
205-0947,1989/11/25,川崎重工業,モハ204-295,,
205-0948,1989/11/25,川崎重工業,モハ205-295,,
205-0949,1989/11/25,川崎重工業,サハ205-179,,
205-0950,1989/11/25,川崎重工業,モハ204-294,,
205-0951,1989/11/25,川崎重工業,モハ205-294,,
205-0952,1989/11/25,川崎重工業,サハ205-178,,
205-0953,1989/11/25,川崎重工業,モハ204-293,,
205-0954,1989/11/25,川崎重工業,モハ205-293,,
205-0955,1989/11/25,川崎重工業,クハ205-109,,
205-0956,1989/12/01,川崎重工業,クハ204-110,,
205-0957,1989/12/01,川崎重工業,モハ204-298,,
205-0958,1989/12/01,川崎重工業,モハ205-298,,
205-0959,1989/12/01,川崎重工業,サハ205-181,,
205-0960,1989/12/01,川崎重工業,モハ204-297,,
205-0961,1989/12/01,川崎重工業,モハ205-297,,
205-0962,1989/12/01,川崎重工業,サハ205-180,,
205-0963,1989/12/01,川崎重工業,モハ204-296,,
205-0964,1989/12/01,川崎重工業,モハ205-296,,
205-0965,1989/12/01,川崎重工業,クハ205-110,,
205-0966,1989/12/08,川崎重工業,クハ204-111,,
205-0967,1989/12/08,川崎重工業,モハ204-301,,
205-0968,1989/12/08,川崎重工業,モハ205-301,,
205-0969,1989/12/08,川崎重工業,サハ205-183,,
205-0970,1989/12/08,川崎重工業,モハ204-300,,
205-0971,1989/12/08,川崎重工業,モハ205-300,,
205-0972,1989/12/08,川崎重工業,サハ205-182,,
205-0973,1989/12/08,川崎重工業,モハ204-299,,
205-0974,1989/12/08,川崎重工業,モハ205-299,,
205-0975,1989/12/08,川崎重工業,クハ205-111,,
205-0976,1989/12/15,川崎重工業,クハ204-112,,
205-0977,1989/12/15,川崎重工業,モハ204-304,,
205-0978,1989/12/15,川崎重工業,モハ205-304,,
205-0979,1989/12/15,川崎重工業,サハ205-185,,
205-0980,1989/12/15,川崎重工業,モハ204-303,,
205-0981,1989/12/15,川崎重工業,モハ205-303,,
205-0982,1989/12/15,川崎重工業,サハ205-184,,
205-0983,1989/12/15,川崎重工業,モハ204-302,,
205-0984,1989/12/15,川崎重工業,モハ205-302,,
205-0985,1989/12/15,川崎重工業,クハ205-112,,
205-0986,1989/12/19,川崎重工業,クハ204-113,,
205-0987,1989/12/19,川崎重工業,モハ204-307,,
205-0988,1989/12/19,川崎重工業,モハ205-307,,
205-0989,1989/12/19,川崎重工業,サハ205-187,,
205-0990,1989/12/19,川崎重工業,モハ204-306,,
205-0991,1989/12/19,川崎重工業,モハ205-306,,
205-0992,1989/12/19,川崎重工業,サハ205-186,,
205-0993,1989/12/19,川崎重工業,モハ204-305,,
205-0994,1989/12/19,川崎重工業,モハ205-305,,
205-0995,1989/12/19,川崎重工業,クハ205-113,,
205-0996,1989/12/26,川崎重工業,クハ204-114,,
205-0997,1989/12/26,川崎重工業,モハ204-310,,
205-0998,1989/12/26,川崎重工業,モハ205-310,,
205-0999,1989/12/26,川崎重工業,サハ205-189,,
205-1000,1989/12/26,川崎重工業,モハ204-309,,
205-1001,1989/12/26,川崎重工業,モハ205-309,,
205-1002,1989/12/26,川崎重工業,サハ205-188,,
205-1003,1989/12/26,川崎重工業,モハ204-308,,
205-1004,1989/12/26,川崎重工業,モハ205-308,,
205-1005,1989/12/26,川崎重工業,クハ205-114,,
205-1006,1990/01/10,川崎重工業,クハ204-115,,
205-1007,1990/01/10,川崎重工業,モハ204-313,,
205-1008,1990/01/10,川崎重工業,モハ205-313,,
205-1009,1990/01/10,川崎重工業,サハ205-191,,
205-1010,1990/01/10,川崎重工業,モハ204-312,,
205-1011,1990/01/10,川崎重工業,モハ205-312,,
205-1012,1990/01/10,川崎重工業,サハ205-190,,
205-1013,1990/01/10,川崎重工業,モハ204-311,,
205-1014,1990/01/10,川崎重工業,モハ205-311,,
205-1015,1990/01/10,川崎重工業,クハ205-115,,
205-1016,1990/01/18,川崎重工業,クハ204-116,,
205-1017,1990/01/18,川崎重工業,モハ204-316,,
205-1018,1990/01/18,川崎重工業,モハ205-316,,
205-1019,1990/01/18,川崎重工業,サハ205-193,,
205-1020,1990/01/18,川崎重工業,モハ204-315,,
205-1021,1990/01/18,川崎重工業,モハ205-315,,
205-1022,1990/01/18,川崎重工業,サハ205-192,,
205-1023,1990/01/18,川崎重工業,モハ204-314,,
205-1024,1990/01/18,川崎重工業,モハ205-314,,
205-1025,1990/01/18,川崎重工業,クハ205-116,,
205-1026,1990/01/23,川崎重工業,クハ204-117,,
205-1027,1990/01/23,川崎重工業,モハ204-319,,
205-1028,1990/01/23,川崎重工業,モハ205-319,,
205-1029,1990/01/23,川崎重工業,サハ205-195,,
205-1030,1990/01/23,川崎重工業,モハ204-318,,
205-1031,1990/01/23,川崎重工業,モハ205-318,,
205-1032,1990/01/23,川崎重工業,サハ205-194,,
205-1033,1990/01/23,川崎重工業,モハ204-317,,
205-1034,1990/01/23,川崎重工業,モハ205-317,,
205-1035,1990/01/23,川崎重工業,クハ205-117,,
205-1036,1990/01/30,川崎重工業,クハ204-118,,
205-1037,1990/01/30,川崎重工業,モハ204-322,,
205-1038,1990/01/30,川崎重工業,モハ205-322,,
205-1039,1990/01/30,川崎重工業,サハ205-197,,
205-1040,1990/01/30,川崎重工業,モハ204-321,,
205-1041,1990/01/30,川崎重工業,モハ205-321,,
205-1042,1990/01/30,川崎重工業,サハ205-196,,
205-1043,1990/01/30,川崎重工業,モハ204-320,,
205-1044,1990/01/30,川崎重工業,モハ205-320,,
205-1045,1990/01/30,川崎重工業,クハ205-118,,
205-1046,1990/02/08,川崎重工業,クハ204-119,,
205-1047,1990/02/08,川崎重工業,モハ204-325,,
205-1048,1990/02/08,川崎重工業,モハ205-325,,
205-1049,1990/02/08,川崎重工業,サハ205-199,,
205-1050,1990/02/08,川崎重工業,モハ204-324,,
205-1051,1990/02/08,川崎重工業,モハ205-324,,
205-1052,1990/02/08,川崎重工業,サハ205-198,,
205-1053,1990/02/08,川崎重工業,モハ204-323,,
205-1054,1990/02/08,川崎重工業,モハ205-323,,
205-1055,1990/02/08,川崎重工業,クハ205-119,,
205-1056,1990/05/29,川崎重工業,クハ204-120,,
205-1057,1990/05/29,川崎重工業,モハ204-328,,
205-1058,1990/05/29,川崎重工業,モハ205-328,,
205-1059,1990/05/29,川崎重工業,サハ205-201,クハ204-3111,
205-1060,1990/05/29,川崎重工業,モハ204-327,,
205-1061,1990/05/29,川崎重工業,モハ205-327,,
205-1062,1990/05/29,川崎重工業,サハ205-200,クハ205-3111,
205-1063,1990/05/29,川崎重工業,モハ204-326,,
205-1064,1990/05/29,川崎重工業,モハ205-326,,
205-1065,1990/05/29,川崎重工業,クハ205-120,,
205-1066,1990/06/07,川崎重工業,クハ204-121,,
205-1067,1990/06/07,川崎重工業,モハ204-331,,
205-1068,1990/06/07,川崎重工業,モハ205-331,,
205-1069,1990/06/07,川崎重工業,サハ205-203,クハ204-3118,
205-1070,1990/06/07,川崎重工業,モハ204-330,,
205-1071,1990/06/07,川崎重工業,モハ205-330,,
205-1072,1990/06/07,川崎重工業,サハ205-202,クハ205-3118,
205-1073,1990/06/07,川崎重工業,モハ204-329,,
205-1074,1990/06/07,川崎重工業,モハ205-329,,
205-1075,1990/06/07,川崎重工業,クハ205-121,,
205-1076,1990/06/14,川崎重工業,クハ204-122,,
205-1077,1990/06/14,川崎重工業,モハ204-334,,
205-1078,1990/06/14,川崎重工業,モハ205-334,,
205-1079,1990/06/14,川崎重工業,サハ205-205,クハ204-3115,
205-1080,1990/06/14,川崎重工業,モハ204-333,,
205-1081,1990/06/14,川崎重工業,モハ205-333,,
205-1082,1990/06/14,川崎重工業,サハ205-204,クハ205-3115,
205-1083,1990/06/14,川崎重工業,モハ204-332,,
205-1084,1990/06/14,川崎重工業,モハ205-332,,
205-1085,1990/06/14,川崎重工業,クハ205-122,,
205-1086,1990/06/21,川崎重工業,クハ204-123,,
205-1087,1990/06/21,川崎重工業,モハ204-337,,
205-1088,1990/06/21,川崎重工業,モハ205-337,,
205-1089,1990/06/21,川崎重工業,サハ205-207,,
205-1090,1990/06/21,川崎重工業,モハ204-336,,
205-1091,1990/06/21,川崎重工業,モハ205-336,,
205-1092,1990/06/21,川崎重工業,サハ205-206,,
205-1093,1990/06/21,川崎重工業,モハ204-335,,
205-1094,1990/06/21,川崎重工業,モハ205-335,,
205-1095,1990/06/21,川崎重工業,クハ205-123,,
205-1096,1990/06/28,川崎重工業,クハ204-124,,
205-1097,1990/06/28,川崎重工業,モハ204-340,,
205-1098,1990/06/28,川崎重工業,モハ205-340,,
205-1099,1990/06/28,川崎重工業,サハ205-209,,
205-1100,1990/06/28,川崎重工業,モハ204-339,,
205-1101,1990/06/28,川崎重工業,モハ205-339,,
205-1102,1990/06/28,川崎重工業,サハ205-208,,
205-1103,1990/06/28,川崎重工業,モハ204-338,,
205-1104,1990/06/28,川崎重工業,モハ205-338,,
205-1105,1990/06/28,川崎重工業,クハ205-124,,
205-1106,1990/07/05,川崎重工業,クハ204-125,,
205-1107,1990/07/05,川崎重工業,モハ204-343,,
205-1108,1990/07/05,川崎重工業,モハ205-343,,
205-1109,1990/07/05,川崎重工業,サハ205-211,,
205-1110,1990/07/05,川崎重工業,モハ204-342,,
205-1111,1990/07/05,川崎重工業,モハ205-342,,
205-1112,1990/07/05,川崎重工業,サハ205-210,,
205-1113,1990/07/05,川崎重工業,モハ204-341,,
205-1114,1990/07/05,川崎重工業,モハ205-341,,
205-1115,1990/07/05,川崎重工業,クハ205-125,,
205-1116,1990/07/12,川崎重工業,クハ204-126,,
205-1117,1990/07/12,川崎重工業,モハ204-346,,
205-1118,1990/07/12,川崎重工業,モハ205-346,,
205-1119,1990/07/12,川崎重工業,サハ205-213,,
205-1120,1990/07/12,川崎重工業,モハ204-345,,
205-1121,1990/07/12,川崎重工業,モハ205-345,,
205-1122,1990/07/12,川崎重工業,サハ205-212,,
205-1123,1990/07/12,川崎重工業,モハ204-344,,
205-1124,1990/07/12,川崎重工業,モハ205-344,,
205-1125,1990/07/12,川崎重工業,クハ205-126,,
205-1126,1990/07/19,川崎重工業,クハ204-127,,
205-1127,1990/07/19,川崎重工業,モハ204-349,,
205-1128,1990/07/19,川崎重工業,モハ205-349,,
205-1129,1990/07/19,川崎重工業,サハ205-215,,
205-1130,1990/07/19,川崎重工業,モハ204-348,,
205-1131,1990/07/19,川崎重工業,モハ205-348,,
205-1132,1990/07/19,川崎重工業,サハ205-214,,
205-1133,1990/07/19,川崎重工業,モハ204-347,,
205-1134,1990/07/19,川崎重工業,モハ205-347,,
205-1135,1990/07/19,川崎重工業,クハ205-127,,
205-1136,1990/07/26,川崎重工業,クハ204-128,,
205-1137,1990/07/26,川崎重工業,モハ204-352,,
205-1138,1990/07/26,川崎重工業,モハ205-352,,
205-1139,1990/07/26,川崎重工業,サハ205-217,,
205-1140,1990/07/26,川崎重工業,モハ204-351,,
205-1141,1990/07/26,川崎重工業,モハ205-351,,
205-1142,1990/07/26,川崎重工業,サハ205-216,,
205-1143,1990/07/26,川崎重工業,モハ204-350,,
205-1144,1990/07/26,川崎重工業,モハ205-350,,
205-1145,1990/07/26,川崎重工業,クハ205-128,,
205-1146,1990/08/02,川崎重工業,クハ205-129,,
205-1147,1990/08/02,川崎重工業,モハ205-353,,
205-1148,1990/08/02,川崎重工業,モハ204-353,,
205-1149,1990/08/02,川崎重工業,モハ205-354,,
205-1150,1990/08/02,川崎重工業,モハ204-354,,
205-1151,1990/08/02,川崎重工業,クハ204-129,,
205-1152,1990/08/07,川崎重工業,クハ205-130,,
205-1153,1990/08/07,川崎重工業,モハ205-355,,
205-1154,1990/08/07,川崎重工業,モハ204-355,,
205-1155,1990/08/07,川崎重工業,モハ205-356,,
205-1156,1990/08/07,川崎重工業,モハ204-356,,
205-1157,1990/08/07,川崎重工業,クハ204-130,,
205-1158,1990/08/17,川崎重工業,クハ205-131,,
205-1159,1990/08/17,川崎重工業,モハ205-357,,
205-1160,1990/08/17,川崎重工業,モハ204-357,,
205-1161,1990/08/17,川崎重工業,モハ205-358,,
205-1162,1990/08/17,川崎重工業,モハ204-358,,
205-1163,1990/08/17,川崎重工業,クハ204-131,,
205-1164,1990/08/23,川崎重工業,クハ205-132,,
205-1165,1990/08/23,川崎重工業,モハ205-359,,
205-1166,1990/08/23,川崎重工業,モハ204-359,,
205-1167,1990/08/23,川崎重工業,モハ205-360,,
205-1168,1990/08/23,川崎重工業,モハ204-360,,
205-1169,1990/08/23,川崎重工業,クハ204-132,,
205-1170,1990/08/28,川崎重工業,クハ205-133,,
205-1171,1990/08/28,川崎重工業,モハ205-361,,
205-1172,1990/08/28,川崎重工業,モハ204-361,,
205-1173,1990/08/28,川崎重工業,モハ205-362,,
205-1174,1990/08/28,川崎重工業,モハ204-362,,
205-1175,1990/08/28,川崎重工業,クハ204-133,,
205-1176,1990/08/31,川崎重工業,クハ205-134,,
205-1177,1990/08/31,川崎重工業,モハ205-363,,
205-1178,1990/08/31,川崎重工業,モハ204-363,,
205-1179,1990/08/31,川崎重工業,モハ205-364,,
205-1180,1990/08/31,川崎重工業,モハ204-364,,
205-1181,1990/08/31,川崎重工業,クハ204-134,,
205-1182,1990/09/04,川崎重工業,クハ205-135,,
205-1183,1990/09/04,川崎重工業,モハ205-365,,
205-1184,1990/09/04,川崎重工業,モハ204-365,,
205-1185,1990/09/04,川崎重工業,モハ205-366,,
205-1186,1990/09/04,川崎重工業,モハ204-366,,
205-1187,1990/09/04,川崎重工業,クハ204-135,,
205-1188,1990/09/11,川崎重工業,クハ204-136,,
205-1189,1990/09/11,川崎重工業,モハ204-369,,
205-1190,1990/09/11,川崎重工業,モハ205-369,,
205-1191,1990/09/11,川崎重工業,サハ205-219,,
205-1192,1990/09/11,川崎重工業,モハ204-368,,
205-1193,1990/09/11,川崎重工業,モハ205-368,,
205-1194,1990/09/11,川崎重工業,サハ205-218,,
205-1195,1990/09/11,川崎重工業,モハ204-367,,
205-1196,1990/09/11,川崎重工業,モハ205-367,,
205-1197,1990/09/11,川崎重工業,クハ205-136,,
205-1198,1990/09/18,川崎重工業,クハ204-137,,
205-1199,1990/09/18,川崎重工業,モハ204-372,,
205-1200,1990/09/18,川崎重工業,モハ205-372,,
205-1201,1990/09/18,川崎重工業,サハ205-221,,
205-1202,1990/09/18,川崎重工業,モハ204-371,,
205-1203,1990/09/18,川崎重工業,モハ205-371,,
205-1204,1990/09/18,川崎重工業,サハ205-220,,
205-1205,1990/09/18,川崎重工業,モハ204-370,,
205-1206,1990/09/18,川崎重工業,モハ205-370,,
205-1207,1990/09/18,川崎重工業,クハ205-137,,
205-1208,1990/09/25,川崎重工業,クハ205-138,,
205-1209,1990/09/25,川崎重工業,モハ205-373,,
205-1210,1990/09/25,川崎重工業,モハ204-373,,
205-1211,1990/09/25,川崎重工業,モハ205-374,,
205-1212,1990/09/25,川崎重工業,モハ204-374,,
205-1213,1990/09/25,川崎重工業,クハ204-138,,
205-1214,1990/09/27,川崎重工業,クハ205-139,,
205-1215,1990/09/27,川崎重工業,モハ205-375,,
205-1216,1990/09/27,川崎重工業,モハ204-375,,
205-1217,1990/09/27,川崎重工業,モハ205-376,,
205-1218,1990/09/27,川崎重工業,モハ204-376,,
205-1219,1990/09/27,川崎重工業,クハ204-139,,
205-1220,1990/11/09,川崎重工業,クハ204-140,,
205-1221,1990/11/09,川崎重工業,モハ204-379,,
205-1222,1990/11/09,川崎重工業,モハ205-379,,
205-1223,1990/11/09,川崎重工業,サハ205-223,,
205-1224,1990/11/09,川崎重工業,モハ204-378,,
205-1225,1990/11/09,川崎重工業,モハ205-378,,
205-1226,1990/11/09,川崎重工業,サハ205-222,,
205-1227,1990/11/09,川崎重工業,モハ204-377,,
205-1228,1990/11/09,川崎重工業,モハ205-377,,
205-1229,1990/11/09,川崎重工業,クハ205-140,,
205-1230,1990/11/19,川崎重工業,クハ204-141,,
205-1231,1990/11/19,川崎重工業,モハ204-382,,
205-1232,1990/11/19,川崎重工業,モハ205-382,,
205-1233,1990/11/19,川崎重工業,サハ205-225,,
205-1234,1990/11/19,川崎重工業,モハ204-381,,
205-1235,1990/11/19,川崎重工業,モハ205-381,,
205-1236,1990/11/19,川崎重工業,サハ205-224,,
205-1237,1990/11/19,川崎重工業,モハ204-380,,
205-1238,1990/11/19,川崎重工業,モハ205-380,,
205-1239,1990/11/19,川崎重工業,クハ205-141,,
205-1240,1990/11/22,川崎重工業,クハ204-142,,
205-1241,1990/11/22,川崎重工業,モハ204-385,,
205-1242,1990/11/22,川崎重工業,モハ205-385,,
205-1243,1990/11/22,川崎重工業,サハ205-227,,
205-1244,1990/11/22,川崎重工業,モハ204-384,,
205-1245,1990/11/22,川崎重工業,モハ205-384,,
205-1246,1990/11/22,川崎重工業,サハ205-226,,
205-1247,1990/11/22,川崎重工業,モハ204-383,,
205-1248,1990/11/22,川崎重工業,モハ205-383,,
205-1249,1990/11/22,川崎重工業,クハ205-142,,
205-1250,1990/12/03,川崎重工業,クハ204-143,,
205-1251,1990/12/03,川崎重工業,モハ204-388,,
205-1252,1990/12/03,川崎重工業,モハ205-388,,
205-1253,1990/12/03,川崎重工業,サハ205-229,,
205-1254,1990/12/03,川崎重工業,モハ204-387,,
205-1255,1990/12/03,川崎重工業,モハ205-387,,
205-1256,1990/12/03,川崎重工業,サハ205-228,,
205-1257,1990/12/03,川崎重工業,モハ204-386,,
205-1258,1990/12/03,川崎重工業,モハ205-386,,
205-1259,1990/12/03,川崎重工業,クハ205-143,,
205-1260,1990/12/10,川崎重工業,クハ204-144,,
205-1261,1990/12/10,川崎重工業,モハ204-391,,
205-1262,1990/12/10,川崎重工業,モハ205-391,,
205-1263,1990/12/10,川崎重工業,サハ205-231,,
205-1264,1990/12/10,川崎重工業,モハ204-390,,
205-1265,1990/12/10,川崎重工業,モハ205-390,,
205-1266,1990/12/10,川崎重工業,サハ205-230,,
205-1267,1990/12/10,川崎重工業,モハ204-389,,
205-1268,1990/12/10,川崎重工業,モハ205-389,,
205-1269,1990/12/10,川崎重工業,クハ205-144,,
205-1270,1991/09/27,川崎重工業,クハ205-145,,
205-1271,1991/09/27,川崎重工業,モハ205-392,,
205-1272,1991/09/27,川崎重工業,モハ204-392,,
205-1273,1991/09/27,川崎重工業,モハ205-394,,
205-1274,1991/09/27,川崎重工業,モハ204-394,,
205-1275,1991/09/27,川崎重工業,クハ204-145,,
205-1276,1991/10/08,川崎重工業,クハ205-146,,
205-1277,1991/10/08,川崎重工業,モハ205-395,,
205-1278,1991/10/08,川崎重工業,モハ204-395,,
205-1279,1991/10/08,川崎重工業,モハ205-397,,
205-1280,1991/10/08,川崎重工業,モハ204-397,,
205-1281,1991/10/08,川崎重工業,クハ204-146,,
205-1282,1991/10/18,川崎重工業,クハ205-147,,
205-1283,1991/10/18,川崎重工業,モハ205-398,,
205-1284,1991/10/18,川崎重工業,モハ204-398,,
205-1285,1991/10/18,川崎重工業,モハ205-400,,
205-1286,1991/10/18,川崎重工業,モハ204-400,,
205-1287,1991/10/18,川崎重工業,クハ204-147,,
205-1288,1991/10/25,川崎重工業,クハ205-148,,
205-1289,1991/10/25,川崎重工業,モハ205-401,,
205-1290,1991/10/25,川崎重工業,モハ204-401,,
205-1291,1991/10/25,川崎重工業,モハ205-403,,
205-1292,1991/10/25,川崎重工業,モハ204-403,,
205-1293,1991/10/25,川崎重工業,クハ204-148,,
205-1294,1991/11/01,川崎重工業,クハ205-149,,
205-1295,1991/11/01,川崎重工業,モハ205-404,,
205-1296,1991/11/01,川崎重工業,モハ204-404,,
205-1297,1991/11/01,川崎重工業,モハ205-406,,
205-1298,1991/11/01,川崎重工業,モハ204-406,,
205-1299,1991/11/01,川崎重工業,クハ204-149,,
205-1300,,,,,
209-0001,1993/2/5,東急車輛製造,クハ208-1,,
209-0002,1993/2/5,東急車輛製造,モハ208-2,,
209-0003,1993/2/5,東急車輛製造,モハ209-2,,
209-0004,1993/2/5,東急車輛製造,サハ209-4,,
209-0005,1993/2/5,東急車輛製造,サハ209-3,,
209-0006,1993/2/5,東急車輛製造,サハ209-2,,
209-0007,1993/2/5,東急車輛製造,モハ208-1,,
209-0008,1993/2/5,東急車輛製造,モハ209-1,,
209-0009,1993/2/5,東急車輛製造,サハ209-1,,
209-0010,1993/2/5,東急車輛製造,クハ209-1,,
209-0011,1993/2/13,川崎重工業,クハ208-2,クヤ208-2,
209-0012,1993/2/13,川崎重工業,モハ208-4,モヤ208-4,
209-0013,1993/2/13,川崎重工業,モハ209-4,モヤ209-4,
209-0014,1993/2/13,川崎重工業,サハ209-8,サヤ209-8,
209-0015,1993/2/13,川崎重工業,サハ209-7,,
209-0016,1993/2/13,川崎重工業,サハ209-6,,
209-0017,1993/2/13,川崎重工業,モハ208-3,モヤ208-3,
209-0018,1993/2/13,川崎重工業,モハ209-3,モヤ209-3,
209-0019,1993/2/13,川崎重工業,サハ209-5,,
209-0020,1993/2/13,川崎重工業,クハ209-2,クヤ209-2,
209-0021,1993/2/19,東急車輛製造,クハ208-3,,
209-0022,1993/2/19,東急車輛製造,モハ208-6,,
209-0023,1993/2/19,東急車輛製造,モハ209-6,,
209-0024,1993/2/19,東急車輛製造,サハ209-12,,
209-0025,1993/2/19,東急車輛製造,サハ209-11,,
209-0026,1993/2/19,東急車輛製造,サハ209-10,,
209-0027,1993/2/19,東急車輛製造,モハ208-5,,
209-0028,1993/2/19,東急車輛製造,モハ209-5,,
209-0029,1993/2/19,東急車輛製造,サハ209-9,,
209-0030,1993/2/19,東急車輛製造,クハ209-3,,
209-0031,1993/2/24,川崎重工業,クハ208-4,,
209-0032,1993/2/24,川崎重工業,モハ208-8,,
209-0033,1993/2/24,川崎重工業,モハ209-8,,
209-0034,1993/2/24,川崎重工業,サハ209-16,,
209-0035,1993/2/24,川崎重工業,サハ209-15,,
209-0036,1993/2/24,川崎重工業,サハ209-14,,
209-0037,1993/2/24,川崎重工業,モハ208-7,,
209-0038,1993/2/24,川崎重工業,モハ209-7,,
209-0039,1993/2/24,川崎重工業,サハ209-13,,
209-0040,1993/2/24,川崎重工業,クハ209-4,,
209-0041,1993/2/27,川崎重工業,クハ208-5,,
209-0042,1993/2/27,川崎重工業,モハ208-10,,
209-0043,1993/2/27,川崎重工業,モハ209-10,,
209-0044,1993/2/27,川崎重工業,サハ209-20,,
209-0045,1993/2/27,川崎重工業,サハ209-19,,
209-0046,1993/2/27,川崎重工業,サハ209-18,,
209-0047,1993/2/27,川崎重工業,モハ208-9,,
209-0048,1993/2/27,川崎重工業,モハ209-9,,
209-0049,1993/2/27,川崎重工業,サハ209-17,,
209-0050,1993/2/27,川崎重工業,クハ209-5,,
209-0051,1993/3/12,川崎重工業,クハ208-6,,
209-0052,1993/3/12,川崎重工業,モハ208-12,,
209-0053,1993/3/12,川崎重工業,モハ209-12,,
209-0054,1993/3/12,川崎重工業,サハ209-24,,
209-0055,1993/3/12,川崎重工業,サハ209-23,,
209-0056,1993/3/12,川崎重工業,サハ209-22,,
209-0057,1993/3/12,川崎重工業,モハ208-11,,
209-0058,1993/3/12,川崎重工業,モハ209-11,,
209-0059,1993/3/12,川崎重工業,サハ209-21,,
209-0060,1993/3/12,川崎重工業,クハ209-6,,
209-0061,1993/3/13,東急車輛製造,クハ208-7,,
209-0062,1993/3/13,東急車輛製造,モハ208-14,,
209-0063,1993/3/13,東急車輛製造,モハ209-14,,
209-0064,1993/3/13,東急車輛製造,サハ209-28,,
209-0065,1993/3/13,東急車輛製造,サハ209-27,,
209-0066,1993/3/13,東急車輛製造,サハ209-26,,
209-0067,1993/3/13,東急車輛製造,モハ208-13,,
209-0068,1993/3/13,東急車輛製造,モハ209-13,,
209-0069,1993/3/13,東急車輛製造,サハ209-25,,
209-0070,1993/3/13,東急車輛製造,クハ209-7,,
209-0071,1993/3/18,川崎重工業,クハ208-8,,
209-0072,1993/3/18,川崎重工業,モハ208-16,,
209-0073,1993/3/18,川崎重工業,モハ209-16,,
209-0074,1993/3/18,川崎重工業,サハ209-32,,
209-0075,1993/3/18,川崎重工業,サハ209-31,,
209-0076,1993/3/18,川崎重工業,サハ209-30,,
209-0077,1993/3/18,川崎重工業,モハ208-15,,
209-0078,1993/3/18,川崎重工業,モハ209-15,,
209-0079,1993/3/18,川崎重工業,サハ209-29,,
209-0080,1993/3/18,川崎重工業,クハ209-8,,
209-0081,1993/3/23,川崎重工業,クハ208-9,,
209-0082,1993/3/23,川崎重工業,モハ208-18,,
209-0083,1993/3/23,川崎重工業,モハ209-18,,
209-0084,1993/3/23,川崎重工業,サハ209-36,,
209-0085,1993/3/23,川崎重工業,サハ209-35,,
209-0086,1993/3/23,川崎重工業,サハ209-34,,
209-0087,1993/3/23,川崎重工業,モハ208-17,,
209-0088,1993/3/23,川崎重工業,モハ209-17,,
209-0089,1993/3/23,川崎重工業,サハ209-33,,
209-0090,1993/3/23,川崎重工業,クハ209-9,,
209-0091,1993/3/29,東急車輛製造,クハ208-10,,
209-0092,1993/3/29,東急車輛製造,モハ208-20,,
209-0093,1993/3/29,東急車輛製造,モハ209-20,,
209-0094,1993/3/29,東急車輛製造,サハ209-40,,
209-0095,1993/3/29,東急車輛製造,サハ209-39,,
209-0096,1993/3/29,東急車輛製造,サハ209-38,,
209-0097,1993/3/29,東急車輛製造,モハ208-19,,
209-0098,1993/3/29,東急車輛製造,モハ209-19,,
209-0099,1993/3/29,東急車輛製造,サハ209-37,,
209-0100,1993/3/29,東急車輛製造,クハ209-10,,
209-0101,1993/3/30,川崎重工業,クハ208-11,,
209-0102,1993/3/30,川崎重工業,モハ208-22,,
209-0103,1993/3/30,川崎重工業,モハ209-22,,
209-0104,1993/3/30,川崎重工業,サハ209-44,,
209-0105,1993/3/30,川崎重工業,サハ209-43,,
209-0106,1993/3/30,川崎重工業,サハ209-42,,
209-0107,1993/3/30,川崎重工業,モハ208-21,,
209-0108,1993/3/30,川崎重工業,モハ209-21,,
209-0109,1993/3/30,川崎重工業,サハ209-41,,
209-0110,1993/3/30,川崎重工業,クハ209-11,,
209-0111,1993/3/31,東急車輛製造,クハ208-12,,
209-0112,1993/3/31,JR東日本大船工場,モハ208-24,,
209-0113,1993/3/31,JR東日本大船工場,モハ209-24,,
209-0114,1993/3/31,JR東日本大船工場,サハ209-48,,
209-0115,1993/3/31,東急車輛製造,サハ209-47,,
209-0116,1993/3/31,東急車輛製造,サハ209-46,,
209-0117,1993/3/31,東急車輛製造,モハ208-23,,
209-0118,1993/3/31,東急車輛製造,モハ209-23,,
209-0119,1993/3/31,東急車輛製造,サハ209-45,,
209-0120,1993/3/31,東急車輛製造,クハ209-12,,
209-0121,1993/9/22,東急車輛製造,クハ208-14,,
209-0122,1993/9/22,東急車輛製造,モハ208-28,,
209-0123,1993/9/22,東急車輛製造,モハ209-28,,
209-0124,1993/9/22,JR東日本大船工場,サハ209-52,,
209-0125,1993/9/22,JR東日本大船工場,サハ209-51,,
209-0126,1993/9/22,東急車輛製造,サハ209-50,,
209-0127,1993/9/22,東急車輛製造,モハ208-27,,
209-0128,1993/9/22,東急車輛製造,モハ209-27,,
209-0129,1993/9/22,東急車輛製造,サハ209-49,,
209-0130,1993/9/22,東急車輛製造,クハ209-14,,
209-0131,1993/10/5,東急車輛製造,クハ208-15,,
209-0132,1993/10/5,東急車輛製造,モハ208-30,,
209-0133,1993/10/5,東急車輛製造,モハ209-30,,
209-0134,1993/10/5,東急車輛製造,サハ209-56,,
209-0135,1993/10/5,東急車輛製造,サハ209-55,,
209-0136,1993/10/5,東急車輛製造,サハ209-54,,
209-0137,1993/10/5,東急車輛製造,モハ208-29,,
209-0138,1993/10/5,東急車輛製造,モハ209-29,,
209-0139,1993/10/5,東急車輛製造,サハ209-53,,
209-0140,1993/10/5,東急車輛製造,クハ209-15,,
209-0141,1993/10/25,川崎重工業,クハ208-16,,
209-0142,1993/10/25,川崎重工業,モハ208-32,,
209-0143,1993/10/25,川崎重工業,モハ209-32,,
209-0144,1993/10/25,川崎重工業,サハ209-60,,
209-0145,1993/10/25,川崎重工業,サハ209-59,,
209-0146,1993/10/25,川崎重工業,サハ209-58,,
209-0147,1993/10/25,川崎重工業,モハ208-31,,
209-0148,1993/10/25,川崎重工業,モハ209-31,,
209-0149,1993/10/25,川崎重工業,サハ209-57,,
209-0150,1993/10/25,川崎重工業,クハ209-16,,
209-0151,1993/12/22,川崎重工業,クハ208-17,,
209-0152,1993/12/22,川崎重工業,モハ208-34,,
209-0153,1993/12/22,川崎重工業,モハ209-34,,
209-0154,1993/12/22,川崎重工業,サハ209-64,,
209-0155,1993/12/22,川崎重工業,サハ209-63,,
209-0156,1993/12/22,川崎重工業,サハ209-62,,
209-0157,1993/12/22,川崎重工業,モハ208-33,,
209-0158,1993/12/22,川崎重工業,モハ209-33,,
209-0159,1993/12/22,川崎重工業,サハ209-61,,
209-0160,1993/12/22,川崎重工業,クハ209-17,,
209-0161,1994/1/12,川崎重工業,クハ208-18,,
209-0162,1994/1/12,川崎重工業,モハ208-36,,
209-0163,1994/1/12,川崎重工業,モハ209-36,,
209-0164,1994/1/12,川崎重工業,サハ209-68,,
209-0165,1994/1/12,川崎重工業,サハ209-67,,
209-0166,1994/1/12,川崎重工業,サハ209-66,,
209-0167,1994/1/12,川崎重工業,モハ208-35,,
209-0168,1994/1/12,川崎重工業,モハ209-35,,
209-0169,1994/1/12,川崎重工業,サハ209-65,,
209-0170,1994/1/12,川崎重工業,クハ209-18,,
209-0171,1994/1/24,川崎重工業,クハ208-19,,
209-0172,1994/1/24,川崎重工業,モハ208-38,,
209-0173,1994/1/24,川崎重工業,モハ209-38,,
209-0174,1994/1/24,川崎重工業,サハ209-72,,
209-0175,1994/1/24,川崎重工業,サハ209-71,,
209-0176,1994/1/24,川崎重工業,サハ209-70,,
209-0177,1994/1/24,川崎重工業,モハ208-37,,
209-0178,1994/1/24,川崎重工業,モハ209-37,,
209-0179,1994/1/24,川崎重工業,サハ209-69,,
209-0180,1994/1/24,川崎重工業,クハ209-19,,
209-0181,1994/9/22,東急車輛製造,クハ208-20,,
209-0182,1994/9/22,東急車輛製造,モハ208-40,,
209-0183,1994/9/22,東急車輛製造,モハ209-40,,
209-0184,1994/9/22,東急車輛製造,サハ209-76,,
209-0185,1994/9/22,東急車輛製造,サハ209-75,,
209-0186,1994/9/22,東急車輛製造,サハ209-74,,
209-0187,1994/9/22,JR東日本大船工場,モハ208-39,,
209-0188,1994/9/22,JR東日本大船工場,モハ209-39,,
209-0189,1994/9/22,東急車輛製造,サハ209-73,,
209-0190,1994/9/22,東急車輛製造,クハ209-20,,
209-0191,1994/2/7,川崎重工業,クハ208-21,,
209-0192,1994/2/7,川崎重工業,モハ208-42,,
209-0193,1994/2/7,川崎重工業,モハ209-42,,
209-0194,1994/2/7,川崎重工業,サハ209-80,,
209-0195,1994/2/7,川崎重工業,サハ209-79,,
209-0196,1994/2/7,川崎重工業,サハ209-78,,
209-0197,1994/2/7,川崎重工業,モハ208-41,,
209-0198,1994/2/7,川崎重工業,モハ209-41,,
209-0199,1994/2/7,川崎重工業,サハ209-77,,
209-0200,1994/2/7,川崎重工業,クハ209-21,,
209-0201,1994/2/10,東急車輛製造,クハ208-22,,
209-0202,1994/2/10,東急車輛製造,モハ208-44,,
209-0203,1994/2/10,東急車輛製造,モハ209-44,,
209-0204,1994/2/10,東急車輛製造,サハ209-84,,
209-0205,1994/2/10,東急車輛製造,サハ209-83,,
209-0206,1994/2/10,東急車輛製造,サハ209-82,,
209-0207,1994/2/10,東急車輛製造,モハ208-43,,
209-0208,1994/2/10,東急車輛製造,モハ209-43,,
209-0209,1994/2/10,東急車輛製造,サハ209-81,,
209-0210,1994/2/10,東急車輛製造,クハ209-22,,
209-0211,1994/2/22,東急車輛製造,クハ208-23,,
209-0212,1994/2/22,東急車輛製造,モハ208-46,,
209-0213,1994/2/22,東急車輛製造,モハ209-46,,
209-0214,1994/2/22,東急車輛製造,サハ209-88,,
209-0215,1994/2/22,東急車輛製造,サハ209-87,,
209-0216,1994/2/22,東急車輛製造,サハ209-86,,
209-0217,1994/2/22,東急車輛製造,モハ208-45,,
209-0218,1994/2/22,東急車輛製造,モハ209-45,,
209-0219,1994/2/22,東急車輛製造,サハ209-85,,
209-0220,1994/2/22,東急車輛製造,クハ209-23,,
209-0221,1994/7/16,川崎重工業,クハ208-24,,
209-0222,1994/7/16,川崎重工業,モハ208-48,,
209-0223,1994/7/16,川崎重工業,モハ209-48,,
209-0224,1994/7/16,川崎重工業,サハ209-92,,
209-0225,1994/7/16,川崎重工業,サハ209-91,,
209-0226,1994/7/16,川崎重工業,サハ209-90,,
209-0227,1994/7/16,川崎重工業,モハ208-47,,
209-0228,1994/7/16,川崎重工業,モハ209-47,,
209-0229,1994/7/16,川崎重工業,サハ209-89,,
209-0230,1994/7/16,川崎重工業,クハ209-24,,
209-0231,1994/7/19,東急車輛製造,クハ208-25,,
209-0232,1994/7/19,東急車輛製造,モハ208-50,,
209-0233,1994/7/19,東急車輛製造,モハ209-50,,
209-0234,1994/7/19,東急車輛製造,サハ209-96,,
209-0235,1994/7/19,東急車輛製造,サハ209-95,,
209-0236,1994/7/19,東急車輛製造,サハ209-94,,
209-0237,1994/7/19,東急車輛製造,モハ208-49,,
209-0238,1994/7/19,東急車輛製造,モハ209-49,,
209-0239,1994/7/19,東急車輛製造,サハ209-93,,
209-0240,1994/7/19,東急車輛製造,クハ209-25,,
209-0241,1994/7/28,東急車輛製造,クハ208-26,,
209-0242,1994/7/28,東急車輛製造,モハ208-52,,
209-0243,1994/7/28,東急車輛製造,モハ209-52,,
209-0244,1994/7/28,東急車輛製造,サハ209-100,,
209-0245,1994/7/28,東急車輛製造,サハ209-99,,
209-0246,1994/7/28,東急車輛製造,サハ209-98,,
209-0247,1994/7/28,東急車輛製造,モハ208-51,,
209-0248,1994/7/28,東急車輛製造,モハ209-51,,
209-0249,1994/7/28,東急車輛製造,サハ209-97,,
209-0250,1994/7/28,東急車輛製造,クハ209-26,,
209-0251,1994/7/30,川崎重工業,クハ208-27,,
209-0252,1994/7/30,川崎重工業,モハ208-54,,
209-0253,1994/7/30,川崎重工業,モハ209-54,,
209-0254,1994/7/30,川崎重工業,サハ209-104,,
209-0255,1994/7/30,川崎重工業,サハ209-103,,
209-0256,1994/7/30,川崎重工業,サハ209-102,,
209-0257,1994/7/30,川崎重工業,モハ208-53,,
209-0258,1994/7/30,川崎重工業,モハ209-53,,
209-0259,1994/7/30,川崎重工業,サハ209-101,,
209-0260,1994/7/30,川崎重工業,クハ209-27,,
209-0261,1994/8/12,川崎重工業,クハ208-28,,
209-0262,1994/8/12,川崎重工業,モハ208-56,,
209-0263,1994/8/12,川崎重工業,モハ209-56,,
209-0264,1994/8/12,川崎重工業,サハ209-108,,
209-0265,1994/8/12,川崎重工業,サハ209-107,,
209-0266,1994/8/12,川崎重工業,サハ209-106,,
209-0267,1994/8/12,川崎重工業,モハ208-55,,
209-0268,1994/8/12,川崎重工業,モハ209-55,,
209-0269,1994/8/12,川崎重工業,サハ209-105,,
209-0270,1994/8/12,川崎重工業,クハ209-28,,
209-0271,1994/8/23,東急車輛製造,クハ208-29,,
209-0272,1994/8/23,東急車輛製造,モハ208-58,,
209-0273,1994/8/23,東急車輛製造,モハ209-58,,
209-0274,1994/8/23,東急車輛製造,サハ209-112,,
209-0275,1994/8/23,東急車輛製造,サハ209-111,,
209-0276,1994/8/23,東急車輛製造,サハ209-110,,
209-0277,1994/8/23,東急車輛製造,モハ208-57,,
209-0278,1994/8/23,東急車輛製造,モハ209-57,,
209-0279,1994/8/23,東急車輛製造,サハ209-109,,
209-0280,1994/8/23,東急車輛製造,クハ209-29,,
209-0281,1994/8/29,川崎重工業,クハ208-30,,
209-0282,1994/8/29,川崎重工業,モハ208-60,,
209-0283,1994/8/29,川崎重工業,モハ209-60,,
209-0284,1994/8/29,川崎重工業,サハ209-116,,
209-0285,1994/8/29,川崎重工業,サハ209-115,,
209-0286,1994/8/29,川崎重工業,サハ209-114,,
209-0287,1994/8/29,川崎重工業,モハ208-59,,
209-0288,1994/8/29,川崎重工業,モハ209-59,,
209-0289,1994/8/29,川崎重工業,サハ209-113,,
209-0290,1994/8/29,川崎重工業,クハ209-30,,
209-0291,1994/9/1,東急車輛製造,クハ208-31,,
209-0292,1994/9/1,東急車輛製造,モハ208-62,,
209-0293,1994/9/1,東急車輛製造,モハ209-62,,
209-0294,1994/9/1,東急車輛製造,サハ209-120,,
209-0295,1994/9/1,東急車輛製造,サハ209-119,,
209-0296,1994/9/1,東急車輛製造,サハ209-118,,
209-0297,1994/9/1,東急車輛製造,モハ208-61,,
209-0298,1994/9/1,東急車輛製造,モハ209-61,,
209-0299,1994/9/1,東急車輛製造,サハ209-117,,
209-0300,1994/9/1,東急車輛製造,クハ209-31,,
209-0301,1994/9/5,川崎重工業,クハ208-32,,
209-0302,1994/9/5,川崎重工業,モハ208-64,,
209-0303,1994/9/5,川崎重工業,モハ209-64,,
209-0304,1994/9/5,川崎重工業,サハ209-124,,
209-0305,1994/9/5,川崎重工業,サハ209-123,,
209-0306,1994/9/5,川崎重工業,サハ209-122,,
209-0307,1994/9/5,川崎重工業,モハ208-63,,
209-0308,1994/9/5,川崎重工業,モハ209-63,,
209-0309,1994/9/5,川崎重工業,サハ209-121,,
209-0310,1994/9/5,川崎重工業,クハ209-32,,
209-0311,1994/9/13,東急車輛製造,クハ208-33,,
209-0312,1994/9/13,東急車輛製造,モハ208-66,,
209-0313,1994/9/13,東急車輛製造,モハ209-66,,
209-0314,1994/9/13,東急車輛製造,サハ209-128,,
209-0315,1994/9/13,東急車輛製造,サハ209-127,,
209-0316,1994/9/13,東急車輛製造,サハ209-126,,
209-0317,1994/9/13,東急車輛製造,モハ208-65,,
209-0318,1994/9/13,東急車輛製造,モハ209-65,,
209-0319,1994/9/13,東急車輛製造,サハ209-125,,
209-0320,1994/9/13,東急車輛製造,クハ209-33,,
209-0321,1994/9/16,川崎重工業,クハ208-34,,
209-0322,1994/9/16,川崎重工業,モハ208-68,,
209-0323,1994/9/16,川崎重工業,モハ209-68,,
209-0324,1994/9/16,川崎重工業,サハ209-132,,
209-0325,1994/9/16,川崎重工業,サハ209-131,,
209-0326,1994/9/16,川崎重工業,サハ209-130,,
209-0327,1994/9/16,川崎重工業,モハ208-67,,
209-0328,1994/9/16,川崎重工業,モハ209-67,,
209-0329,1994/9/16,川崎重工業,サハ209-129,,
209-0330,1994/9/16,川崎重工業,クハ209-34,,
209-0331,1994/9/22,東急車輛製造,クハ208-35,,
209-0332,1994/9/22,JR東日本大船工場,モハ208-70,,
209-0333,1994/9/22,JR東日本大船工場,モハ209-70,,
209-0334,1994/9/22,JR東日本大船工場,サハ209-136,,
209-0335,1994/9/22,JR東日本大船工場,サハ209-135,,
209-0336,1994/9/22,東急車輛製造,サハ209-134,,
209-0337,1994/9/22,東急車輛製造,モハ208-69,,
209-0338,1994/9/22,東急車輛製造,モハ209-69,,
209-0339,1994/9/22,東急車輛製造,サハ209-133,,
209-0340,1994/9/22,東急車輛製造,クハ209-35,,
209-0341,1994/9/29,東急車輛製造,クハ208-36,,
209-0342,1994/9/29,東急車輛製造,モハ208-72,,
209-0343,1994/9/29,東急車輛製造,モハ209-72,,
209-0344,1994/9/29,東急車輛製造,サハ209-140,,
209-0345,1994/9/29,東急車輛製造,サハ209-139,,
209-0346,1994/9/29,東急車輛製造,サハ209-138,,
209-0347,1994/9/29,東急車輛製造,モハ208-71,,
209-0348,1994/9/29,東急車輛製造,モハ209-71,,
209-0349,1994/9/29,東急車輛製造,サハ209-137,,
209-0350,1994/9/29,東急車輛製造,クハ209-36,,
209-3001,1996/1/12,川崎重工業,クハ208-3001,,
209-3002,1996/1/12,川崎重工業,モハ208-3001,,
209-3003,1996/1/12,川崎重工業,モハ209-3001,,
209-3004,1996/1/12,川崎重工業,クハ209-3001,,
209-3005,1996/1/24,東急車輛製造,クハ208-3002,,
209-3006,1996/1/24,東急車輛製造,モハ208-3002,,
209-3007,1996/1/24,東急車輛製造,モハ209-3002,,
209-3008,1996/1/24,東急車輛製造,クハ209-3002,,
209-3009,1996/2/8,東急車輛製造,クハ208-3003,,
209-3010,1996/2/8,東急車輛製造,モハ208-3003,,
209-3011,1996/2/8,東急車輛製造,モハ209-3003,,
209-3012,1996/2/8,東急車輛製造,クハ209-3003,,
209-3013,1996/2/24,東急車輛製造,クハ208-3004,,
209-3014,1996/2/24,東急車輛製造,モハ208-3004,,
209-3015,1996/2/24,東急車輛製造,モハ209-3004,,
209-3016,1996/2/24,東急車輛製造,クハ209-3004,,
209-3101,2005/3/15,川崎重工業,モハ208-3101,,
209-3102,2005/3/15,川崎重工業,モハ209-3101,,
e131-801,2025/4/11,J-TREC新津,クハE130-801,,
e131-802,2025/4/11,J-TREC新津,モハE130-801,,
e131-803,2025/4/11,J-TREC新津,サハE131-801,,
e131-804,2025/4/11,J-TREC新津,クモハE131-801,,
e131-805,2025/10/1,J-TREC新津,クハE130-802,,
e131-806,2025/10/1,J-TREC新津,モハE130-802,,
e131-807,2025/10/1,J-TREC新津,サハE131-802,,
e131-808,2025/10/1,J-TREC新津,クモハE131-802,,
e131-809,2025/10/3,J-TREC新津,クハE130-803,,
e131-810,2025/10/3,J-TREC新津,モハE130-803,,
e131-811,2025/10/3,J-TREC新津,サハE131-803,,
e131-812,2025/10/3,J-TREC新津,クモハE131-803,,
e131-813,2025/11/4,J-TREC新津,クハE130-804,,
e131-814,2025/11/4,J-TREC新津,モハE130-804,,
e131-815,2025/11/4,J-TREC新津,サハE131-804,,
e131-816,2025/11/4,J-TREC新津,クモハE131-804,,
e131-817,2025/11/17,J-TREC新津,クハE130-805,,
e131-818,2025/11/17,J-TREC新津,モハE130-805,,
e131-819,2025/11/17,J-TREC新津,サハE131-805,,
e131-820,2025/11/17,J-TREC新津,クモハE131-805,,
e131-821,2025/12/1,J-TREC新津,クハE130-806,,
e131-822,2025/12/1,J-TREC新津,モハE130-806,,
e131-823,2025/12/1,J-TREC新津,サハE131-806,,
e131-824,2025/12/1,J-TREC新津,クモハE131-806,,
e131-825,2025/12/4,J-TREC新津,クハE130-807,,
e131-826,2025/12/4,J-TREC新津,モハE130-807,,
e131-827,2025/12/4,J-TREC新津,サハE131-807,,
e131-828,2025/12/4,J-TREC新津,クモハE131-807,,
e131-829,2025/12/9,J-TREC新津,クハE130-808,,
e131-830,2025/12/9,J-TREC新津,モハE130-808,,
e131-831,2025/12/9,J-TREC新津,サハE131-808,,
e131-832,2025/12/9,J-TREC新津,クモハE131-808,,
e131-833,2025/12/15,J-TREC新津,クハE130-809,,
e131-834,2025/12/15,J-TREC新津,モハE130-809,,
e131-835,2025/12/15,J-TREC新津,サハE131-809,,
e131-836,2025/12/15,J-TREC新津,クモハE131-809,,
e131-837,2026/1/7,J-TREC新津,クハE130-810,,
e131-838,2026/1/7,J-TREC新津,モハE130-810,,
e131-839,2026/1/7,J-TREC新津,サハE131-810,,
e131-840,2026/1/7,J-TREC新津,クモハE131-810,,
e131-841,,J-TREC新津,クハE130-811,,
e131-842,,J-TREC新津,モハE130-811,,
e131-843,,J-TREC新津,サハE131-811,,
e131-844,,J-TREC新津,クモハE131-811,,
e131-845,,J-TREC新津,クハE130-812,,
e131-846,,J-TREC新津,モハE130-812,,
e131-847,,J-TREC新津,サハE131-812,,
e131-848,,J-TREC新津,クモハE131-812,,
e131-849,2026/1/26,J-TREC新津,クハE130-881,,
e131-850,2026/1/26,J-TREC新津,モハE130-813,,
e131-851,2026/1/26,J-TREC新津,サハE131-881,,
e131-852,2026/1/26,J-TREC新津,クモハE131-813,,
e131-853,,J-TREC新津,クハE130-882,,
e131-854,,J-TREC新津,モハE130-814,,
e131-855,,J-TREC新津,サハE131-882,,
e131-856,,J-TREC新津,クモハE131-814,,
hbe210-01,2015/1/16,J-TREC横浜,HB-E211-1,,
hbe210-02,2015/1/16,J-TREC横浜,HB-E212-1,,
hbe210-03,2015/1/16,J-TREC横浜,HB-E211-2,,
hbe210-04,2015/1/16,J-TREC横浜,HB-E212-2,,
hbe210-05,2015/2/13,J-TREC横浜,HB-E211-3,,
hbe210-06,2015/2/13,J-TREC横浜,HB-E212-3,,
hbe210-07,2015/2/13,J-TREC横浜,HB-E211-4,,
hbe210-08,2015/2/13,J-TREC横浜,HB-E212-4,,
hbe210-09,2015/3/6,J-TREC横浜,HB-E211-5,,
hbe210-10,2015/3/6,J-TREC横浜,HB-E212-5,,
hbe210-11,2015/3/6,J-TREC横浜,HB-E211-6,,
hbe210-12,2015/3/6,J-TREC横浜,HB-E212-6,,
hbe210-13,2015/3/7,J-TREC横浜,HB-E211-7,,
hbe210-14,2015/3/7,J-TREC横浜,HB-E212-7,,
hbe210-15,2015/3/7,J-TREC横浜,HB-E211-8,,
hbe210-16,2015/3/7,J-TREC横浜,HB-E212-8,,
kh110-101,1991/2/12,新潟鐵工,キハ110-101,,
kh110-102,1991/2/12,新潟鐵工,キハ110-102,,
kh110-103,1991/2/12,新潟鐵工,キハ110-103,,
kh110-104,1991/2/12,新潟鐵工,キハ110-104,,
kh110-105,1991/6/21,富士重工,キハ110-105,,
kh110-106,1991/6/21,富士重工,キハ110-106,,
kh110-107,1991/7/12,富士重工,キハ110-107,,
kh110-108,1991/7/12,富士重工,キハ110-108,,
kh110-109,1991/7/12,富士重工,キハ110-109,,
kh110-110,1991/7/12,富士重工,キハ110-110,,
kh110-111,1991/7/19,富士重工,キハ110-111,,
kh110-112,1991/7/19,富士重工,キハ110-112,,
kh110-113,1991/7/19,富士重工,キハ110-113,,
kh110-114,1991/7/19,富士重工,キハ110-114,,
kh110-115,1991/8/19,富士重工,キハ110-115,,
kh110-116,1991/8/19,富士重工,キハ110-116,,
kh110-117,1991/8/19,富士重工,キハ110-117,,
kh110-118,1991/8/19,富士重工,キハ110-118,,
kh110-119,1991/8/26,富士重工,キハ110-119,,
kh110-120,1991/8/26,富士重工,キハ110-120,,
kh110-121,1991/8/26,富士重工,キハ110-121,,
kh110-122,1991/8/26,富士重工,キハ110-122,,
kh110-123,1991/9/25,新潟鐵工,キハ110-123,,
kh110-124,1991/9/25,新潟鐵工,キハ110-124,,
kh110-125,1991/9/25,新潟鐵工,キハ110-125,,
kh110-126,1991/9/25,新潟鐵工,キハ110-126,,
kh110-127,1991/9/25,新潟鐵工,キハ110-127,,
kh110-128,1991/9/25,新潟鐵工,キハ110-128,,
kh110-129,1991/12/25,富士重工,キハ110-129,,
kh110-130,1991/12/25,富士重工,キハ110-130,,
kh110-131,1991/12/25,富士重工,キハ110-131,,
kh110-132,1991/12/25,富士重工,キハ110-132,,
kh110-133,1992/1/21,富士重工,キハ110-133,,
kh110-134,1992/1/21,富士重工,キハ110-134,,
kh110-135,1992/1/21,富士重工,キハ110-135,,
kh110-136,1992/1/21,富士重工,キハ110-136,,
kh110-137,1992/1/31,富士重工,キハ110-137,,
kh110-138,1992/1/31,富士重工,キハ110-138,,
kh110-139,1992/1/31,富士重工,キハ110-139,,
kh110-201,1993/2/9,新潟鐵工,キハ110-201,,
kh110-202,1993/2/9,新潟鐵工,キハ110-202,,
kh110-203,1993/2/9,新潟鐵工,キハ110-203,,
kh110-204,1993/2/5,富士重工,キハ110-204,,
kh110-205,1993/2/5,富士重工,キハ110-205,,
kh110-206,1993/2/5,富士重工,キハ110-206,,
kh110-207,1993/2/8,新潟鐵工,キハ110-207,,
kh110-208,1993/2/8,新潟鐵工,キハ110-208,,
kh110-209,1993/2/4,富士重工,キハ110-209,,
kh110-210,1993/2/4,富士重工,キハ110-210,,
kh110-211,1993/9/14,新潟鐵工,キハ110-211,,
kh110-212,1993/9/14,新潟鐵工,キハ110-212,,
kh110-213,1993/9/14,新潟鐵工,キハ110-213,,
kh110-214,1993/9/14,新潟鐵工,キハ110-214,,
kh110-215,1993/10/13,新潟鐵工,キハ110-215,,
kh110-216,1993/10/13,新潟鐵工,キハ110-216,,
kh110-217,1993/10/13,新潟鐵工,キハ110-217,,
kh110-218,1993/9/22,富士重工,キハ110-218,,
kh110-219,1993/9/22,富士重工,キハ110-219,,
kh110-220,1993/9/22,富士重工,キハ110-220,,
kh110-221,1996/8/6,新潟鐵工,キハ110-221,,
kh110-222,1996/3/6,富士重工,キハ110-222,,
kh110-301,1995/12/18,富士重工,キハ110-301,キハ110-223,
kh110-302,1995/12/18,富士重工,キハ110-302,キハ110-224,
kh110-303,1995/12/18,富士重工,キハ110-303,キハ110-225,
kh110-304,1995/12/25,富士重工,キハ110-304,キハ110-226,
kh110-305,1995/12/25,富士重工,キハ110-305,キハ110-227,
kh110-306,1995/12/25,富士重工,キハ110-306,キハ110-228,
kh110-307,1996/2/16,富士重工,キハ110-307,キハ110-229,
kh110-308,1996/2/16,富士重工,キハ110-308,キハ110-230,
kh110-309,1996/2/15,新潟鐵工,キハ110-309,キハ110-231,
kh110-310,1996/2/15,新潟鐵工,キハ110-310,キハ110-232,
kh110-311,1996/2/15,新潟鐵工,キハ110-311,キハ110-233,
kh110-312,1996/2/16,新潟鐵工,キハ110-312,キハ110-234,
kh110-313,1996/2/16,新潟鐵工,キハ110-313,キハ110-235,
kh110-314,1996/2/16,新潟鐵工,キハ110-314,キハ110-236,
khe120-1,2008/5/29,新潟トランシス,キハE120-1,,
khe120-2,2008/5/29,新潟トランシス,キハE120-2,,
khe120-3,2008/5/29,新潟トランシス,キハE120-3,,
khe120-4,2008/5/29,新潟トランシス,キハE120-4,,
khe120-5,2008/5/30,新潟トランシス,キハE120-5,,
khe120-6,2008/5/30,新潟トランシス,キハE120-6,,
khe120-7,2008/5/30,新潟トランシス,キハE120-7,,
khe120-8,2008/5/30,新潟トランシス,キハE120-8,,